"Occupied Housing Units, Number of Households, Household Population, by Type of Building and Province/Highly Urbanized City: Philippines, 2020"
"https://openstat.psa.gov.ph/PXWeb/pxweb/en/DB/DB__1A__PO/0031A6DTOB0.px/table/tableViewLayout1/?rxid=b09a3d51-6bea-4625-92a0-14403d95f575"
"Type of Building";"Geographic Location";"Occupied Housing Units";"Number of Households /a";"Household Population /a"
"All Types of Building";"PHILIPPINES";25191610;26376522;108597147
"All Types of Building";"..NATIONAL CAPITAL REGION (NCR)";3257020;3494685;13388141
"All Types of Building";"....City of Manila";447791;483508;1829294
"All Types of Building";"....City of Mandaluyong";108859;116513;417467
"All Types of Building";"....City of Marikina";97768;104406;452940
"All Types of Building";"....City of Pasig";196744;212866;801376
"All Types of Building";"....Quezon City";697332;738367;2949533
"All Types of Building";"....City of San Juan";29503;31415;124339
"All Types of Building";"....City of Caloocan";379922;404137;1658765
"All Types of Building";"....City of Malabon";88079;94232;379434
"All Types of Building";"....City of Navotas";55476;63061;246351
"All Types of Building";"....City of Valenzuela";177749;192983;713139
"All Types of Building";"....City of Las Piñas";142990;156756;603685
"All Types of Building";"....City of Makati";180256;186238;623662
"All Types of Building";"....City of Muntinlupa";126655;138176;518584
"All Types of Building";"....City of Parañaque";170674;182109;685951
"All Types of Building";"....Pasay City";114778;127290;436178
"All Types of Building";"....City of Taguig";228341;246790;882379
"All Types of Building";"....Pateros";14103;15838;65064
"All Types of Building";"..CORDILLERA ADMINISTRATIVE REGION (CAR)";432668;439149;1791091
"All Types of Building";"....Abra";56928;58954;250304
"All Types of Building";"....Apayao";28385;28861;123929
"All Types of Building";"....Benguet *";115716;116690;459466
"All Types of Building";"....Ifugao";48379;48756;207130
"All Types of Building";"....Kalinga";47778;48077;229326
"All Types of Building";"....Mountain Province";37534;37601;157798
"All Types of Building";"....City of Baguio";97948;100210;363138
"All Types of Building";"..REGION I (ILOCOS REGION)";1231448;1306220;5292238
"All Types of Building";"....Ilocos Norte";141731;152970;608506
"All Types of Building";"....Ilocos Sur";164711;172042;704206
"All Types of Building";"....La Union";192998;205028;820335
"All Types of Building";"....Pangasinan";732008;776180;3159191
"All Types of Building";"..REGION II (CAGAYAN VALLEY)";875592;907344;3679333
"All Types of Building";"....Batanes";5174;5546;18591
"All Types of Building";"....Cagayan";291652;301509;1265508
"All Types of Building";"....Isabela";405425;422569;1695178
"All Types of Building";"....Nueva Vizcaya";124274;128175;496527
"All Types of Building";"....Quirino";49067;49545;203529
"All Types of Building";"..REGION III (CENTRAL LUZON)";2892184;3039882;12385775
"All Types of Building";"....Aurora";56540;57036;234990
"All Types of Building";"....Bataan";199002;208879;849326
"All Types of Building";"....Bulacan";865286;920457;3696426
"All Types of Building";"....Nueva Ecija";546068;572551;2306669
"All Types of Building";"....Pampanga *";540236;573763;2432614
"All Types of Building";"....Tarlac";350479;359534;1498969
"All Types of Building";"....Zambales *";161255;164922;647100
"All Types of Building";"....City of Angeles";109497;116318;461081
"All Types of Building";"....City of Olongapo";63821;66422;258600
"All Types of Building";"..REGION IV-A (CALABARZON)";3820739;4061996;16137200
"All Types of Building";"....Batangas";674774;715915;2901695
"All Types of Building";"....Cavite";1036970;1095917;4317998
"All Types of Building";"....Laguna";834930;915250;3372585
"All Types of Building";"....Quezon *";463376;483655;1945356
"All Types of Building";"....Rizal";746907;784360;3321226
"All Types of Building";"....City of Lucena";63782;66899;278340
"All Types of Building";"..MIMAROPA REGION";781435;792789;3212067
"All Types of Building";"....Marinduque";59263;60547;238815
"All Types of Building";"....Occidental Mindoro";125023;126627;521436
"All Types of Building";"....Oriental Mindoro";212416;215071;906654
"All Types of Building";"....Palawan *";228788;230809;934601
"All Types of Building";"....Romblon";75895;77635;308068
"All Types of Building";"....City of Puerto Princesa";80050;82100;302493
"All Types of Building";"..REGION V (BICOL REGION)";1342578;1364824;6066724
"All Types of Building";"....Albay";305362;311416;1372454
"All Types of Building";"....Camarines Norte";142094;144139;628788
"All Types of Building";"....Camarines Sur";445150;455217;2062175
"All Types of Building";"....Catanduanes";59815;60336;270759
"All Types of Building";"....Masbate";204668;206278;906429
"All Types of Building";"....Sorsogon";185489;187438;826119
"All Types of Building";"..REGION VI (WESTERN VISAYAS)";1896202;1939744;7935106
"All Types of Building";"....Aklan";147890;151373;612972
"All Types of Building";"....Antique";146370;147681;611453
"All Types of Building";"....Capiz";199268;202026;803856
"All Types of Building";"....Guimaras";47137;47474;187574
"All Types of Building";"....Iloilo *";499274;506167;2048000
"All Types of Building";"....Negros Occidental *";619110;637910;2618581
"All Types of Building";"....City of Bacolod";138999;142813;597409
"All Types of Building";"....City of Iloilo";98154;104300;455261
"All Types of Building";"..REGION VII (CENTRAL VISAYAS)";1909857;1965256;8042202
"All Types of Building";"....Bohol";319246;321983;1390438
"All Types of Building";"....Cebu *";774454;799368;3309504
"All Types of Building";"....Negros Oriental";343272;347927;1428486
"All Types of Building";"....Siquijor";25698;25803;103012
"All Types of Building";"....City of Cebu";219984;237797;957125
"All Types of Building";"....City of Lapu-Lapu (Opon)";127300;129628;494605
"All Types of Building";"....City of Mandaue";99903;102750;359032
"All Types of Building";"..REGION VIII (EASTERN VISAYAS)";1068259;1081813;4530441
"All Types of Building";"....Biliran";42634;43049;178711
"All Types of Building";"....Eastern Samar";114960;115766;475818
"All Types of Building";"....Leyte *";438893;443328;1770416
"All Types of Building";"....Northern Samar";137759;139842;636790
"All Types of Building";"....Samar (Western Samar)";178614;181732;790851
"All Types of Building";"....Southern Leyte";100046;100860;428465
"All Types of Building";"....City of Tacloban";55353;57236;249390
"All Types of Building";"..REGION IX (ZAMBOANGA PENINSULA)";858337;895285;3859667
"All Types of Building";"....Zamboanga del Norte";240805;247968;1046014
"All Types of Building";"....Zamboanga del Sur *";232500;239224;1048302
"All Types of Building";"....Zamboanga Sibugay";151206;154664;668639
"All Types of Building";"....City of Isabela **";24305;26646;130121
"All Types of Building";"....City of Zamboanga";209521;226783;966591
"All Types of Building";"..REGION X (NORTHERN MINDANAO)";1131542;1197420;5006698
"All Types of Building";"....Bukidnon";347980;357098;1537581
"All Types of Building";"....Camiguin";21821;22281;92696
"All Types of Building";"....Lanao del Norte *";137943;161392;721413
"All Types of Building";"....Misamis Occidental";145529;149125;614710
"All Types of Building";"....Misamis Oriental *";218537;230203;954901
"All Types of Building";"....City of Cagayan de Oro";177951;190099;723249
"All Types of Building";"....City of Iligan";81781;87222;362148
"All Types of Building";"..REGION XI (DAVAO REGION)";1285860;1336312;5218312
"All Types of Building";"....Davao de Oro (Compostela Valley)";184649;188900;766253
"All Types of Building";"....Davao del Norte";264129;271649;1115154
"All Types of Building";"....Davao del Sur *";176400;181436;674783
"All Types of Building";"....Davao Occidental";76739;78182;316893
"All Types of Building";"....Davao Oriental";134328;140059;574975
"All Types of Building";"....City of Davao";449615;476086;1770254
"All Types of Building";"..REGION XII (SOCCSKSARGEN)";1037179;1063624;4344294
"All Types of Building";"....Cotabato (North Cotabato)";300107;306710;1266448
"All Types of Building";"....Sarangani";130972;133863;558065
"All Types of Building";"....South Cotabato *";238720;244981;973136
"All Types of Building";"....Sultan Kudarat";195885;202730;851254
"All Types of Building";"....City of General Santos (Dadiangas)";171495;175340;695391
"All Types of Building";"..REGION XIII (CARAGA)";645835;660813;2792139
"All Types of Building";"....Agusan del Norte *";88064;90991;386125
"All Types of Building";"....Agusan del Sur";171961;173953;737953
"All Types of Building";"....Dinagat Islands";28447;29391;127963
"All Types of Building";"....Surigao del Norte";123575;126542;528740
"All Types of Building";"....Surigao del Sur";147305;150535;640456
"All Types of Building";"....City of Butuan";86483;89401;370902
"All Types of Building";"..BANGSAMORO AUTONOMOUS REGION IN MUSLIM MINDANAO (BARMM)";724875;829366;4915719
"All Types of Building";"....Basilan";69327;73419;425111
"All Types of Building";"....Lanao del Sur";130552;181511;1179268
"All Types of Building";"....Maguindanao";266763;287283;1666348
"All Types of Building";"....Sulu";146622;164729;991122
"All Types of Building";"....Tawi-Tawi";65741;74757;438526
"All Types of Building";"....Eight (8) Area Clusters ***";45870;47667;215344
"Single house";"PHILIPPINES";22059348;23086355;96561887
"Single house";"..NATIONAL CAPITAL REGION (NCR)";2161188;2341016;9328998
"Single house";"....City of Manila";252720;277663;1087466
"Single house";"....City of Mandaluyong";55824;60997;236713
"Single house";"....City of Marikina";77125;82978;365761
"Single house";"....City of Pasig";113387;124121;489493
"Single house";"....Quezon City";521248;554889;2270637
"Single house";"....City of San Juan";15478;16664;68052
"Single house";"....City of Caloocan";294947;314759;1311387
"Single house";"....City of Malabon";77315;82935;335554
"Single house";"....City of Navotas";46919;53708;209511
"Single house";"....City of Valenzuela";112612;123616;465998
"Single house";"....City of Las Piñas";111899;123735;485181
"Single house";"....City of Makati";70814;73564;285535
"Single house";"....City of Muntinlupa";89550;98562;382472
"Single house";"....City of Parañaque";131629;140583;545000
"Single house";"....Pasay City";56954;65408;239843
"Single house";"....City of Taguig";122616;135188;501736
"Single house";"....Pateros";10151;11646;48659
"Single house";"..CORDILLERA ADMINISTRATIVE REGION (CAR)";404056;409770;1698540
"Single house";"....Abra";56294;58304;247925
"Single house";"....Apayao";28270;28743;123480
"Single house";"....Benguet *";107550;108394;433168
"Single house";"....Ifugao";48063;48437;205930
"Single house";"....Kalinga";47595;47894;228685
"Single house";"....Mountain Province";37153;37210;156586
"Single house";"....City of Baguio";79131;80788;302766
"Single house";"..REGION I (ILOCOS REGION)";1182346;1254980;5099562
"Single house";"....Ilocos Norte";134694;145536;581279
"Single house";"....Ilocos Sur";160188;167290;685658
"Single house";"....La Union";184705;196408;788853
"Single house";"....Pangasinan";702759;745746;3043772
"Single house";"..REGION II (CAGAYAN VALLEY)";841530;872355;3551112
"Single house";"....Batanes";5133;5505;18463
"Single house";"....Cagayan";281216;290801;1224751
"Single house";"....Isabela";388832;405502;1632395
"Single house";"....Nueva Vizcaya";118033;121758;474748
"Single house";"....Quirino";48316;48789;200755
"Single house";"..REGION III (CENTRAL LUZON)";2456831;2585593;10621306
"Single house";"....Aurora";55324;55815;230536
"Single house";"....Bataan";171968;180934;748411
"Single house";"....Bulacan";628197;671305;2708379
"Single house";"....Nueva Ecija";513407;539001;2180258
"Single house";"....Pampanga *";479636;510491;2183094
"Single house";"....Tarlac";326486;335164;1402568
"Single house";"....Zambales *";147677;151166;596640
"Single house";"....City of Angeles";90348;96350;387094
"Single house";"....City of Olongapo";43788;45367;184326
"Single house";"..REGION IV-A (CALABARZON)";2840540;3019333;12254076
"Single house";"....Batangas";574697;610659;2519128
"Single house";"....Cavite";621682;662914;2674765
"Single house";"....Laguna";567636;616880;2344690
"Single house";"....Quezon *";435565;454656;1836524
"Single house";"....Rizal";584757;615189;2630844
"Single house";"....City of Lucena";56203;59035;248125
"Single house";"..MIMAROPA REGION";754072;765068;3117228
"Single house";"....Marinduque";58344;59612;235506
"Single house";"....Occidental Mindoro";121610;123182;509252
"Single house";"....Oriental Mindoro";202737;205282;870578
"Single house";"....Palawan *";224346;226333;919415
"Single house";"....Romblon";74119;75828;301307
"Single house";"....City of Puerto Princesa";72916;74831;281170
"Single house";"..REGION V (BICOL REGION)";1299345;1320904;5890855
"Single house";"....Albay";295035;300866;1330773
"Single house";"....Camarines Norte";136834;138784;607895
"Single house";"....Camarines Sur";425054;434828;1979266
"Single house";"....Catanduanes";59114;59625;268062
"Single house";"....Masbate";202151;203737;895936
"Single house";"....Sorsogon";181157;183064;808923
"Single house";"..REGION VI (WESTERN VISAYAS)";1828573;1870861;7675756
"Single house";"....Aklan";143935;147355;598359
"Single house";"....Antique";143788;145081;601491
"Single house";"....Capiz";191908;194578;776522
"Single house";"....Guimaras";46972;47309;187001
"Single house";"....Iloilo *";482240;488974;1983067
"Single house";"....Negros Occidental *";597914;616284;2534953
"Single house";"....City of Bacolod";131717;135411;571722
"Single house";"....City of Iloilo";90099;95869;422641
"Single house";"..REGION VII (CENTRAL VISAYAS)";1784336;1836040;7599701
"Single house";"....Bohol";313935;316631;1370002
"Single house";"....Cebu *";732313;756020;3148475
"Single house";"....Negros Oriental";335129;339636;1397575
"Single house";"....Siquijor";25565;25667;102580
"Single house";"....City of Cebu";193234;209632;864929
"Single house";"....City of Lapu-Lapu (Opon)";100557;102457;405821
"Single house";"....City of Mandaue";83603;85997;310319
"Single house";"..REGION VIII (EASTERN VISAYAS)";1022992;1036029;4346074
"Single house";"....Biliran";41393;41795;174098
"Single house";"....Eastern Samar";112273;113070;465287
"Single house";"....Leyte *";421070;425336;1699969
"Single house";"....Northern Samar";135849;137901;628800
"Single house";"....Samar (Western Samar)";172195;175217;765020
"Single house";"....Southern Leyte";96269;97051;412955
"Single house";"....City of Tacloban";43943;45659;199945
"Single house";"..REGION IX (ZAMBOANGA PENINSULA)";830031;865994;3747785
"Single house";"....Zamboanga del Norte";235603;242691;1027074
"Single house";"....Zamboanga del Sur *";229928;236609;1038123
"Single house";"....Zamboanga Sibugay";147054;150481;652560
"Single house";"....City of Isabela **";23504;25772;125927
"Single house";"....City of Zamboanga";193942;210441;904101
"Single house";"..REGION X (NORTHERN MINDANAO)";1081168;1144110;4805989
"Single house";"....Bukidnon";340595;349505;1509169
"Single house";"....Camiguin";21596;22049;91805
"Single house";"....Lanao del Norte *";134206;157066;702568
"Single house";"....Misamis Occidental";140552;144001;595197
"Single house";"....Misamis Oriental *";211538;222940;927445
"Single house";"....City of Cagayan de Oro";160348;171350;657192
"Single house";"....City of Iligan";72333;77199;322613
"Single house";"..REGION XI (DAVAO REGION)";1223298;1271608;5001894
"Single house";"....Davao de Oro (Compostela Valley)";171682;175811;715772
"Single house";"....Davao del Norte";251286;258436;1067918
"Single house";"....Davao del Sur *";172571;177480;662331
"Single house";"....Davao Occidental";76650;78090;316635
"Single house";"....Davao Oriental";130778;136419;561431
"Single house";"....City of Davao";420331;445372;1677807
"Single house";"..REGION XII (SOCCSKSARGEN)";1004843;1030896;4240738
"Single house";"....Cotabato (North Cotabato)";294899;301435;1247605
"Single house";"....Sarangani";129155;132021;551305
"Single house";"....South Cotabato *";232535;238735;954185
"Single house";"....Sultan Kudarat";192648;199455;839319
"Single house";"....City of General Santos (Dadiangas)";155606;159250;648324
"Single house";"..REGION XIII (CARAGA)";628982;643541;2729755
"Single house";"....Agusan del Norte *";85438;88306;376099
"Single house";"....Agusan del Sur";169439;171385;728709
"Single house";"....Dinagat Islands";28195;29137;126982
"Single house";"....Surigao del Norte";120349;123214;516874
"Single house";"....Surigao del Sur";143694;146793;626580
"Single house";"....City of Butuan";81867;84706;354511
"Single house";"..BANGSAMORO AUTONOMOUS REGION IN MUSLIM MINDANAO (BARMM)";715217;818257;4852518
"Single house";"....Basilan";69013;73084;423305
"Single house";"....Lanao del Sur";127356;177392;1152661
"Single house";"....Maguindanao";262899;283047;1645453
"Single house";"....Sulu";144885;162882;979880
"Single house";"....Tawi-Tawi";65547;74547;437356
"Single house";"....Eight (8) Area Clusters ***";45517;47305;213863
"Duplex";"PHILIPPINES";746765;785663;3070395
"Duplex";"..NATIONAL CAPITAL REGION (NCR)";130099;140826;552315
"Duplex";"....City of Manila";12984;14503;58112
"Duplex";"....City of Mandaluyong";2689;3003;11644
"Duplex";"....City of Marikina";4818;5092;21676
"Duplex";"....City of Pasig";11219;12265;47671
"Duplex";"....Quezon City";26169;27601;111826
"Duplex";"....City of San Juan";764;851;3495
"Duplex";"....City of Caloocan";17821;18937;78340
"Duplex";"....City of Malabon";1947;2055;8382
"Duplex";"....City of Navotas";1449;1624;6265
"Duplex";"....City of Valenzuela";8521;9090;33642
"Duplex";"....City of Las Piñas";7140;7735;29995
"Duplex";"....City of Makati";4892;5080;19597
"Duplex";"....City of Muntinlupa";5444;6122;23046
"Duplex";"....City of Parañaque";5234;5734;21657
"Duplex";"....Pasay City";3372;3934;14350
"Duplex";"....City of Taguig";14700;16169;58386
"Duplex";"....Pateros";936;1031;4231
"Duplex";"..CORDILLERA ADMINISTRATIVE REGION (CAR)";1736;1799;6718
"Duplex";"....Abra";460;468;1808
"Duplex";"....Apayao";55;57;224
"Duplex";"....Benguet *";206;209;812
"Duplex";"....Ifugao";122;122;496
"Duplex";"....Kalinga";79;79;318
"Duplex";"....Mountain Province";54;56;206
"Duplex";"....City of Baguio";760;808;2854
"Duplex";"..REGION I (ILOCOS REGION)";29276;30643;119511
"Duplex";"....Ilocos Norte";4153;4426;16802
"Duplex";"....Ilocos Sur";2972;3097;12124
"Duplex";"....La Union";4301;4503;17411
"Duplex";"....Pangasinan";17850;18617;73174
"Duplex";"..REGION II (CAGAYAN VALLEY)";20428;21054;79747
"Duplex";"....Batanes";22;22;77
"Duplex";"....Cagayan";6666;6854;26920
"Duplex";"....Isabela";10277;10616;40017
"Duplex";"....Nueva Vizcaya";3001;3096;10962
"Duplex";"....Quirino";462;466;1771
"Duplex";"..REGION III (CENTRAL LUZON)";130280;135355;533282
"Duplex";"....Aurora";636;641;2383
"Duplex";"....Bataan";10172;10618;41175
"Duplex";"....Bulacan";48007;50233;196362
"Duplex";"....Nueva Ecija";18645;19223;73924
"Duplex";"....Pampanga *";21945;22941;94433
"Duplex";"....Tarlac";13521;13770;56065
"Duplex";"....Zambales *";7227;7334;27865
"Duplex";"....City of Angeles";5613;5875;22968
"Duplex";"....City of Olongapo";4514;4720;18107
"Duplex";"..REGION IV-A (CALABARZON)";240936;255284;981334
"Duplex";"....Batangas";32687;34470;133938
"Duplex";"....Cavite";100247;105024;408351
"Duplex";"....Laguna";57593;62945;225809
"Duplex";"....Quezon *";14116;14820;56651
"Duplex";"....Rizal";33622;35231;145361
"Duplex";"....City of Lucena";2671;2794;11224
"Duplex";"..MIMAROPA REGION";10952;11099;41359
"Duplex";"....Marinduque";525;532;1992
"Duplex";"....Occidental Mindoro";1856;1878;6849
"Duplex";"....Oriental Mindoro";3938;3994;15613
"Duplex";"....Palawan *";1522;1534;5699
"Duplex";"....Romblon";1032;1044;3951
"Duplex";"....City of Puerto Princesa";2079;2117;7255
"Duplex";"..REGION V (BICOL REGION)";22519;22859;95376
"Duplex";"....Albay";6334;6425;26419
"Duplex";"....Camarines Norte";2392;2433;9913
"Duplex";"....Camarines Sur";9335;9502;40437
"Duplex";"....Catanduanes";344;348;1390
"Duplex";"....Masbate";1441;1455;6256
"Duplex";"....Sorsogon";2673;2696;10961
"Duplex";"..REGION VI (WESTERN VISAYAS)";24970;25595;99701
"Duplex";"....Aklan";1465;1501;5558
"Duplex";"....Antique";1549;1566;6144
"Duplex";"....Capiz";2841;2886;11015
"Duplex";"....Guimaras";51;51;202
"Duplex";"....Iloilo *";5886;5989;23256
"Duplex";"....Negros Occidental *";7603;7825;30531
"Duplex";"....City of Bacolod";3144;3209;12257
"Duplex";"....City of Iloilo";2431;2568;10738
"Duplex";"..REGION VII (CENTRAL VISAYAS)";33959;35145;136281
"Duplex";"....Bohol";2588;2611;10898
"Duplex";"....Cebu *";14990;15456;60628
"Duplex";"....Negros Oriental";3412;3483;13518
"Duplex";"....Siquijor";57;60;224
"Duplex";"....City of Cebu";6214;6668;26140
"Duplex";"....City of Lapu-Lapu (Opon)";4108;4183;15327
"Duplex";"....City of Mandaue";2590;2684;9546
"Duplex";"..REGION VIII (EASTERN VISAYAS)";17453;17681;70369
"Duplex";"....Biliran";154;159;596
"Duplex";"....Eastern Samar";1224;1229;4876
"Duplex";"....Leyte *";7315;7395;28166
"Duplex";"....Northern Samar";1329;1353;5630
"Duplex";"....Samar (Western Samar)";3455;3524;14361
"Duplex";"....Southern Leyte";2691;2713;11354
"Duplex";"....City of Tacloban";1285;1308;5386
"Duplex";"..REGION IX (ZAMBOANGA PENINSULA)";13064;13604;54977
"Duplex";"....Zamboanga del Norte";2299;2341;9222
"Duplex";"....Zamboanga del Sur *";1046;1072;4474
"Duplex";"....Zamboanga Sibugay";2536;2556;10454
"Duplex";"....City of Isabela **";475;518;2551
"Duplex";"....City of Zamboanga";6708;7117;28276
"Duplex";"..REGION X (NORTHERN MINDANAO)";20740;22094;88134
"Duplex";"....Bukidnon";3777;3887;15205
"Duplex";"....Camiguin";140;145;579
"Duplex";"....Lanao del Norte *";2513;2975;13148
"Duplex";"....Misamis Occidental";2385;2462;9780
"Duplex";"....Misamis Oriental *";3919;4088;16092
"Duplex";"....City of Cagayan de Oro";4642;5002;19050
"Duplex";"....City of Iligan";3364;3535;14280
"Duplex";"..REGION XI (DAVAO REGION)";26721;27640;104467
"Duplex";"....Davao de Oro (Compostela Valley)";9957;10033;40056
"Duplex";"....Davao del Norte";4401;4553;17614
"Duplex";"....Davao del Sur *";1383;1447;5162
"Duplex";"....Davao Occidental";22;23;94
"Duplex";"....Davao Oriental";2561;2630;9884
"Duplex";"....City of Davao";8397;8954;31657
"Duplex";"..REGION XII (SOCCSKSARGEN)";10261;10437;38341
"Duplex";"....Cotabato (North Cotabato)";2581;2625;9919
"Duplex";"....Sarangani";1118;1131;4365
"Duplex";"....South Cotabato *";1722;1745;6137
"Duplex";"....Sultan Kudarat";1466;1482;5689
"Duplex";"....City of General Santos (Dadiangas)";3374;3454;12231
"Duplex";"..REGION XIII (CARAGA)";8387;8645;33482
"Duplex";"....Agusan del Norte *";1610;1647;6463
"Duplex";"....Agusan del Sur";1341;1373;5253
"Duplex";"....Dinagat Islands";164;165;682
"Duplex";"....Surigao del Norte";1504;1565;6075
"Duplex";"....Surigao del Sur";2175;2258;8731
"Duplex";"....City of Butuan";1593;1637;6278
"Duplex";"..BANGSAMORO AUTONOMOUS REGION IN MUSLIM MINDANAO (BARMM)";4984;5903;35001
"Duplex";"....Basilan";180;194;1029
"Duplex";"....Lanao del Sur";1701;2292;14964
"Duplex";"....Maguindanao";1531;1734;9243
"Duplex";"....Sulu";1288;1385;8463
"Duplex";"....Tawi-Tawi";76;81;408
"Duplex";"....Eight (8) Area Clusters ***";208;217;894
"Apartment/accessoria/rowhouse";"PHILIPPINES";1628258;1713666;6234274
"Apartment/accessoria/rowhouse";"..NATIONAL CAPITAL REGION (NCR)";482051;506241;1802284
"Apartment/accessoria/rowhouse";"....City of Manila";40235;41922;151080
"Apartment/accessoria/rowhouse";"....City of Mandaluyong";8311;8720;29078
"Apartment/accessoria/rowhouse";"....City of Marikina";12850;13256;53265
"Apartment/accessoria/rowhouse";"....City of Pasig";39568;41687;144315
"Apartment/accessoria/rowhouse";"....Quezon City";94328;98250;367661
"Apartment/accessoria/rowhouse";"....City of San Juan";4000;4234;16409
"Apartment/accessoria/rowhouse";"....City of Caloocan";48933;51129;195467
"Apartment/accessoria/rowhouse";"....City of Malabon";6139;6442;24899
"Apartment/accessoria/rowhouse";"....City of Navotas";3511;3849;15057
"Apartment/accessoria/rowhouse";"....City of Valenzuela";46291;48998;173205
"Apartment/accessoria/rowhouse";"....City of Las Piñas";17511;18448;64651
"Apartment/accessoria/rowhouse";"....City of Makati";29614;30757;99638
"Apartment/accessoria/rowhouse";"....City of Muntinlupa";25944;27442;93832
"Apartment/accessoria/rowhouse";"....City of Parañaque";19490;20751;71028
"Apartment/accessoria/rowhouse";"....Pasay City";31761;34291;111964
"Apartment/accessoria/rowhouse";"....City of Taguig";50869;53230;179814
"Apartment/accessoria/rowhouse";"....Pateros";2696;2835;10921
"Apartment/accessoria/rowhouse";"..CORDILLERA ADMINISTRATIVE REGION (CAR)";24358;24998;78839
"Apartment/accessoria/rowhouse";"....Abra";76;76;225
"Apartment/accessoria/rowhouse";"....Apayao";5;5;21
"Apartment/accessoria/rowhouse";"....Benguet *";7599;7722;24399
"Apartment/accessoria/rowhouse";"....Ifugao";94;97;306
"Apartment/accessoria/rowhouse";"....Kalinga";35;35;102
"Apartment/accessoria/rowhouse";"....Mountain Province";192;194;616
"Apartment/accessoria/rowhouse";"....City of Baguio";16357;16869;53170
"Apartment/accessoria/rowhouse";"..REGION I (ILOCOS REGION)";10531;10913;37740
"Apartment/accessoria/rowhouse";"....Ilocos Norte";1504;1562;5357
"Apartment/accessoria/rowhouse";"....Ilocos Sur";666;731;2836
"Apartment/accessoria/rowhouse";"....La Union";2736;2816;9434
"Apartment/accessoria/rowhouse";"....Pangasinan";5625;5804;20113
"Apartment/accessoria/rowhouse";"..REGION II (CAGAYAN VALLEY)";7235;7407;24732
"Apartment/accessoria/rowhouse";"....Batanes";0;0;0
"Apartment/accessoria/rowhouse";"....Cagayan";1968;2005;6850
"Apartment/accessoria/rowhouse";"....Isabela";3203;3282;11161
"Apartment/accessoria/rowhouse";"....Nueva Vizcaya";2026;2082;6605
"Apartment/accessoria/rowhouse";"....Quirino";38;38;116
"Apartment/accessoria/rowhouse";"..REGION III (CENTRAL LUZON)";243426;255299;987018
"Apartment/accessoria/rowhouse";"....Aurora";396;396;1392
"Apartment/accessoria/rowhouse";"....Bataan";14060;14436;49071
"Apartment/accessoria/rowhouse";"....Bulacan";167898;176828;707213
"Apartment/accessoria/rowhouse";"....Nueva Ecija";7295;7468;26894
"Apartment/accessoria/rowhouse";"....Pampanga *";24394;25539;96083
"Apartment/accessoria/rowhouse";"....Tarlac";5144;5202;19129
"Apartment/accessoria/rowhouse";"....Zambales *";3721;3768;12954
"Apartment/accessoria/rowhouse";"....City of Angeles";8833;9245;32403
"Apartment/accessoria/rowhouse";"....City of Olongapo";11685;12417;41879
"Apartment/accessoria/rowhouse";"..REGION IV-A (CALABARZON)";664915;708726;2619761
"Apartment/accessoria/rowhouse";"....Batangas";56670;59521;207849
"Apartment/accessoria/rowhouse";"....Cavite";288916;300282;1138187
"Apartment/accessoria/rowhouse";"....Laguna";193312;217513;739304
"Apartment/accessoria/rowhouse";"....Quezon *";9481;9796;36182
"Apartment/accessoria/rowhouse";"....Rizal";112508;117454;482613
"Apartment/accessoria/rowhouse";"....City of Lucena";4028;4160;15626
"Apartment/accessoria/rowhouse";"..MIMAROPA REGION";11416;11537;36698
"Apartment/accessoria/rowhouse";"....Marinduque";212;217;695
"Apartment/accessoria/rowhouse";"....Occidental Mindoro";846;851;2803
"Apartment/accessoria/rowhouse";"....Oriental Mindoro";4816;4851;17000
"Apartment/accessoria/rowhouse";"....Palawan *";1795;1809;5748
"Apartment/accessoria/rowhouse";"....Romblon";471;477;1765
"Apartment/accessoria/rowhouse";"....City of Puerto Princesa";3276;3332;8687
"Apartment/accessoria/rowhouse";"..REGION V (BICOL REGION)";12854;13043;49353
"Apartment/accessoria/rowhouse";"....Albay";1901;1962;6988
"Apartment/accessoria/rowhouse";"....Camarines Norte";2132;2171;8069
"Apartment/accessoria/rowhouse";"....Camarines Sur";7233;7304;28450
"Apartment/accessoria/rowhouse";"....Catanduanes";155;157;528
"Apartment/accessoria/rowhouse";"....Masbate";486;493;1823
"Apartment/accessoria/rowhouse";"....Sorsogon";947;956;3495
"Apartment/accessoria/rowhouse";"..REGION VI (WESTERN VISAYAS)";32007;32451;120192
"Apartment/accessoria/rowhouse";"....Aklan";1878;1896;6921
"Apartment/accessoria/rowhouse";"....Antique";584;585;2160
"Apartment/accessoria/rowhouse";"....Capiz";3832;3863;13698
"Apartment/accessoria/rowhouse";"....Guimaras";37;37;107
"Apartment/accessoria/rowhouse";"....Iloilo *";8635;8671;32675
"Apartment/accessoria/rowhouse";"....Negros Occidental *";10644;10803;41957
"Apartment/accessoria/rowhouse";"....City of Bacolod";2462;2489;7537
"Apartment/accessoria/rowhouse";"....City of Iloilo";3935;4107;15137
"Apartment/accessoria/rowhouse";"..REGION VII (CENTRAL VISAYAS)";56212;57755;185946
"Apartment/accessoria/rowhouse";"....Bohol";1186;1192;3895
"Apartment/accessoria/rowhouse";"....Cebu *";18985;19522;70174
"Apartment/accessoria/rowhouse";"....Negros Oriental";2265;2296;7538
"Apartment/accessoria/rowhouse";"....Siquijor";28;28;64
"Apartment/accessoria/rowhouse";"....City of Cebu";11002;11506;34654
"Apartment/accessoria/rowhouse";"....City of Lapu-Lapu (Opon)";14696;14943;46444
"Apartment/accessoria/rowhouse";"....City of Mandaue";8050;8268;23177
"Apartment/accessoria/rowhouse";"..REGION VIII (EASTERN VISAYAS)";22263;22466;93129
"Apartment/accessoria/rowhouse";"....Biliran";1007;1008;3761
"Apartment/accessoria/rowhouse";"....Eastern Samar";1047;1049;4065
"Apartment/accessoria/rowhouse";"....Leyte *";8021;8082;33095
"Apartment/accessoria/rowhouse";"....Northern Samar";177;178;756
"Apartment/accessoria/rowhouse";"....Samar (Western Samar)";1881;1892;7220
"Apartment/accessoria/rowhouse";"....Southern Leyte";639;643;2397
"Apartment/accessoria/rowhouse";"....City of Tacloban";9491;9614;41835
"Apartment/accessoria/rowhouse";"..REGION IX (ZAMBOANGA PENINSULA)";7386;7565;26225
"Apartment/accessoria/rowhouse";"....Zamboanga del Norte";2282;2304;7475
"Apartment/accessoria/rowhouse";"....Zamboanga del Sur *";577;580;2022
"Apartment/accessoria/rowhouse";"....Zamboanga Sibugay";212;213;674
"Apartment/accessoria/rowhouse";"....City of Isabela **";79;101;435
"Apartment/accessoria/rowhouse";"....City of Zamboanga";4236;4367;15619
"Apartment/accessoria/rowhouse";"..REGION X (NORTHERN MINDANAO)";14923;15681;55879
"Apartment/accessoria/rowhouse";"....Bukidnon";1225;1259;4245
"Apartment/accessoria/rowhouse";"....Camiguin";36;38;147
"Apartment/accessoria/rowhouse";"....Lanao del Norte *";300;311;1246
"Apartment/accessoria/rowhouse";"....Misamis Occidental";1572;1606;5627
"Apartment/accessoria/rowhouse";"....Misamis Oriental *";915;932;2971
"Apartment/accessoria/rowhouse";"....City of Cagayan de Oro";6951;7290;24966
"Apartment/accessoria/rowhouse";"....City of Iligan";3924;4245;16677
"Apartment/accessoria/rowhouse";"..REGION XI (DAVAO REGION)";15803;16363;46425
"Apartment/accessoria/rowhouse";"....Davao de Oro (Compostela Valley)";878;900;2734
"Apartment/accessoria/rowhouse";"....Davao del Norte";4356;4421;14169
"Apartment/accessoria/rowhouse";"....Davao del Sur *";1393;1432;3914
"Apartment/accessoria/rowhouse";"....Davao Occidental";4;4;6
"Apartment/accessoria/rowhouse";"....Davao Oriental";175;176;640
"Apartment/accessoria/rowhouse";"....City of Davao";8997;9430;24962
"Apartment/accessoria/rowhouse";"..REGION XII (SOCCSKSARGEN)";17197;17349;48223
"Apartment/accessoria/rowhouse";"....Cotabato (North Cotabato)";1178;1191;3614
"Apartment/accessoria/rowhouse";"....Sarangani";222;225;663
"Apartment/accessoria/rowhouse";"....South Cotabato *";3483;3510;9625
"Apartment/accessoria/rowhouse";"....Sultan Kudarat";874;881;3001
"Apartment/accessoria/rowhouse";"....City of General Santos (Dadiangas)";11440;11542;31320
"Apartment/accessoria/rowhouse";"..REGION XIII (CARAGA)";4363;4432;14467
"Apartment/accessoria/rowhouse";"....Agusan del Norte *";437;443;1455
"Apartment/accessoria/rowhouse";"....Agusan del Sur";431;431;1380
"Apartment/accessoria/rowhouse";"....Dinagat Islands";8;8;26
"Apartment/accessoria/rowhouse";"....Surigao del Norte";1230;1269;4178
"Apartment/accessoria/rowhouse";"....Surigao del Sur";347;360;1144
"Apartment/accessoria/rowhouse";"....City of Butuan";1910;1921;6284
"Apartment/accessoria/rowhouse";"..BANGSAMORO AUTONOMOUS REGION IN MUSLIM MINDANAO (BARMM)";1318;1440;7363
"Apartment/accessoria/rowhouse";"....Basilan";36;38;211
"Apartment/accessoria/rowhouse";"....Lanao del Sur";234;267;1625
"Apartment/accessoria/rowhouse";"....Maguindanao";986;1073;5177
"Apartment/accessoria/rowhouse";"....Sulu";29;29;180
"Apartment/accessoria/rowhouse";"....Tawi-Tawi";33;33;170
"Apartment/accessoria/rowhouse";"....Eight (8) Area Clusters ***";0;0;0
"Condominium/condotel";"PHILIPPINES";169327;173806;506166
"Condominium/condotel";"..NATIONAL CAPITAL REGION (NCR)";158648;162912;478600
"Condominium/condotel";"....City of Manila";23798;24097;75052
"Condominium/condotel";"....City of Mandaluyong";21781;22652;64780
"Condominium/condotel";"....City of Marikina";218;218;770
"Condominium/condotel";"....City of Pasig";11535;12054;38414
"Condominium/condotel";"....Quezon City";20385;20807;67361
"Condominium/condotel";"....City of San Juan";3538;3557;13376
"Condominium/condotel";"....City of Caloocan";1077;1093;3560
"Condominium/condotel";"....City of Malabon";63;68;269
"Condominium/condotel";"....City of Navotas";0;0;0
"Condominium/condotel";"....City of Valenzuela";1002;1011;3472
"Condominium/condotel";"....City of Las Piñas";1091;1131;3399
"Condominium/condotel";"....City of Makati";46489;47532;126482
"Condominium/condotel";"....City of Muntinlupa";1771;1835;4167
"Condominium/condotel";"....City of Parañaque";5764;5924;16096
"Condominium/condotel";"....Pasay City";15484;15957;45207
"Condominium/condotel";"....City of Taguig";4652;4976;16195
"Condominium/condotel";"....Pateros";0;0;0
"Condominium/condotel";"..CORDILLERA ADMINISTRATIVE REGION (CAR)";1099;1103;2510
"Condominium/condotel";"....Abra";0;0;0
"Condominium/condotel";"....Apayao";0;0;0
"Condominium/condotel";"....Benguet *";0;0;0
"Condominium/condotel";"....Ifugao";0;0;0
"Condominium/condotel";"....Kalinga";0;0;0
"Condominium/condotel";"....Mountain Province";0;0;0
"Condominium/condotel";"....City of Baguio";1099;1103;2510
"Condominium/condotel";"..REGION I (ILOCOS REGION)";10;10;29
"Condominium/condotel";"....Ilocos Norte";7;7;15
"Condominium/condotel";"....Ilocos Sur";0;0;0
"Condominium/condotel";"....La Union";0;0;0
"Condominium/condotel";"....Pangasinan";3;3;14
"Condominium/condotel";"..REGION II (CAGAYAN VALLEY)";0;0;0
"Condominium/condotel";"....Batanes";0;0;0
"Condominium/condotel";"....Cagayan";0;0;0
"Condominium/condotel";"....Isabela";0;0;0
"Condominium/condotel";"....Nueva Vizcaya";0;0;0
"Condominium/condotel";"....Quirino";0;0;0
"Condominium/condotel";"..REGION III (CENTRAL LUZON)";357;360;1268
"Condominium/condotel";"....Aurora";0;0;0
"Condominium/condotel";"....Bataan";0;0;0
"Condominium/condotel";"....Bulacan";227;229;818
"Condominium/condotel";"....Nueva Ecija";3;3;9
"Condominium/condotel";"....Pampanga *";4;4;13
"Condominium/condotel";"....Tarlac";38;39;132
"Condominium/condotel";"....Zambales *";0;0;0
"Condominium/condotel";"....City of Angeles";7;7;17
"Condominium/condotel";"....City of Olongapo";78;78;279
"Condominium/condotel";"..REGION IV-A (CALABARZON)";4510;4640;12668
"Condominium/condotel";"....Batangas";7;7;19
"Condominium/condotel";"....Cavite";1590;1702;3187
"Condominium/condotel";"....Laguna";342;345;1121
"Condominium/condotel";"....Quezon *";0;0;0
"Condominium/condotel";"....Rizal";2571;2586;8341
"Condominium/condotel";"....City of Lucena";0;0;0
"Condominium/condotel";"..MIMAROPA REGION";12;12;55
"Condominium/condotel";"....Marinduque";0;0;0
"Condominium/condotel";"....Occidental Mindoro";0;0;0
"Condominium/condotel";"....Oriental Mindoro";0;0;0
"Condominium/condotel";"....Palawan *";0;0;0
"Condominium/condotel";"....Romblon";0;0;0
"Condominium/condotel";"....City of Puerto Princesa";12;12;55
"Condominium/condotel";"..REGION V (BICOL REGION)";11;11;36
"Condominium/condotel";"....Albay";11;11;36
"Condominium/condotel";"....Camarines Norte";0;0;0
"Condominium/condotel";"....Camarines Sur";0;0;0
"Condominium/condotel";"....Catanduanes";0;0;0
"Condominium/condotel";"....Masbate";0;0;0
"Condominium/condotel";"....Sorsogon";0;0;0
"Condominium/condotel";"..REGION VI (WESTERN VISAYAS)";74;75;226
"Condominium/condotel";"....Aklan";3;3;6
"Condominium/condotel";"....Antique";1;1;1
"Condominium/condotel";"....Capiz";2;2;4
"Condominium/condotel";"....Guimaras";0;0;0
"Condominium/condotel";"....Iloilo *";4;4;14
"Condominium/condotel";"....Negros Occidental *";0;0;0
"Condominium/condotel";"....City of Bacolod";10;10;24
"Condominium/condotel";"....City of Iloilo";54;55;177
"Condominium/condotel";"..REGION VII (CENTRAL VISAYAS)";3688;3762;8648
"Condominium/condotel";"....Bohol";0;0;0
"Condominium/condotel";"....Cebu *";5;5;7
"Condominium/condotel";"....Negros Oriental";12;12;23
"Condominium/condotel";"....Siquijor";0;0;0
"Condominium/condotel";"....City of Cebu";2289;2345;5635
"Condominium/condotel";"....City of Lapu-Lapu (Opon)";276;277;642
"Condominium/condotel";"....City of Mandaue";1106;1123;2341
"Condominium/condotel";"..REGION VIII (EASTERN VISAYAS)";1;1;6
"Condominium/condotel";"....Biliran";0;0;0
"Condominium/condotel";"....Eastern Samar";0;0;0
"Condominium/condotel";"....Leyte *";1;1;6
"Condominium/condotel";"....Northern Samar";0;0;0
"Condominium/condotel";"....Samar (Western Samar)";0;0;0
"Condominium/condotel";"....Southern Leyte";0;0;0
"Condominium/condotel";"....City of Tacloban";0;0;0
"Condominium/condotel";"..REGION IX (ZAMBOANGA PENINSULA)";0;0;0
"Condominium/condotel";"....Zamboanga del Norte";0;0;0
"Condominium/condotel";"....Zamboanga del Sur *";0;0;0
"Condominium/condotel";"....Zamboanga Sibugay";0;0;0
"Condominium/condotel";"....City of Isabela **";0;0;0
"Condominium/condotel";"....City of Zamboanga";0;0;0
"Condominium/condotel";"..REGION X (NORTHERN MINDANAO)";99;99;239
"Condominium/condotel";"....Bukidnon";1;1;3
"Condominium/condotel";"....Camiguin";0;0;0
"Condominium/condotel";"....Lanao del Norte *";0;0;0
"Condominium/condotel";"....Misamis Occidental";0;0;0
"Condominium/condotel";"....Misamis Oriental *";0;0;0
"Condominium/condotel";"....City of Cagayan de Oro";98;98;236
"Condominium/condotel";"....City of Iligan";0;0;0
"Condominium/condotel";"..REGION XI (DAVAO REGION)";806;808;1802
"Condominium/condotel";"....Davao de Oro (Compostela Valley)";4;4;21
"Condominium/condotel";"....Davao del Norte";7;7;29
"Condominium/condotel";"....Davao del Sur *";0;0;0
"Condominium/condotel";"....Davao Occidental";0;0;0
"Condominium/condotel";"....Davao Oriental";0;0;0
"Condominium/condotel";"....City of Davao";795;797;1752
"Condominium/condotel";"..REGION XII (SOCCSKSARGEN)";0;0;0
"Condominium/condotel";"....Cotabato (North Cotabato)";0;0;0
"Condominium/condotel";"....Sarangani";0;0;0
"Condominium/condotel";"....South Cotabato *";0;0;0
"Condominium/condotel";"....Sultan Kudarat";0;0;0
"Condominium/condotel";"....City of General Santos (Dadiangas)";0;0;0
"Condominium/condotel";"..REGION XIII (CARAGA)";0;0;0
"Condominium/condotel";"....Agusan del Norte *";0;0;0
"Condominium/condotel";"....Agusan del Sur";0;0;0
"Condominium/condotel";"....Dinagat Islands";0;0;0
"Condominium/condotel";"....Surigao del Norte";0;0;0
"Condominium/condotel";"....Surigao del Sur";0;0;0
"Condominium/condotel";"....City of Butuan";0;0;0
"Condominium/condotel";"..BANGSAMORO AUTONOMOUS REGION IN MUSLIM MINDANAO (BARMM)";12;13;79
"Condominium/condotel";"....Basilan";3;3;21
"Condominium/condotel";"....Lanao del Sur";0;0;0
"Condominium/condotel";"....Maguindanao";6;7;45
"Condominium/condotel";"....Sulu";0;0;0
"Condominium/condotel";"....Tawi-Tawi";3;3;13
"Condominium/condotel";"....Eight (8) Area Clusters ***";0;0;0
"Other multi-unit residential";"PHILIPPINES";541490;565763;2069913
"Other multi-unit residential";"..NATIONAL CAPITAL REGION (NCR)";310346;326385;1179786
"Other multi-unit residential";"....City of Manila";115917;122986;450583
"Other multi-unit residential";"....City of Mandaluyong";19864;20693;74141
"Other multi-unit residential";"....City of Marikina";2403;2481;10213
"Other multi-unit residential";"....City of Pasig";20491;22045;79727
"Other multi-unit residential";"....Quezon City";31110;32094;119041
"Other multi-unit residential";"....City of San Juan";5547;5897;22461
"Other multi-unit residential";"....City of Caloocan";15721;16535;65188
"Other multi-unit residential";"....City of Malabon";2099;2138;8426
"Other multi-unit residential";"....City of Navotas";3393;3609;14842
"Other multi-unit residential";"....City of Valenzuela";7273;7600;30781
"Other multi-unit residential";"....City of Las Piñas";4813;5063;18613
"Other multi-unit residential";"....City of Makati";28077;28882;91497
"Other multi-unit residential";"....City of Muntinlupa";3730;3969;14370
"Other multi-unit residential";"....City of Parañaque";7828;8228;30151
"Other multi-unit residential";"....Pasay City";6537;6922;23055
"Other multi-unit residential";"....City of Taguig";35232;36927;125456
"Other multi-unit residential";"....Pateros";311;316;1241
"Other multi-unit residential";"..CORDILLERA ADMINISTRATIVE REGION (CAR)";474;484;1549
"Other multi-unit residential";"....Abra";69;73;262
"Other multi-unit residential";"....Apayao";14;14;55
"Other multi-unit residential";"....Benguet *";59;59;193
"Other multi-unit residential";"....Ifugao";75;75;290
"Other multi-unit residential";"....Kalinga";45;45;138
"Other multi-unit residential";"....Mountain Province";107;113;296
"Other multi-unit residential";"....City of Baguio";105;105;315
"Other multi-unit residential";"..REGION I (ILOCOS REGION)";8033;8341;30990
"Other multi-unit residential";"....Ilocos Norte";1171;1218;4278
"Other multi-unit residential";"....Ilocos Sur";736;770;3008
"Other multi-unit residential";"....La Union";1059;1094;3967
"Other multi-unit residential";"....Pangasinan";5067;5259;19737
"Other multi-unit residential";"..REGION II (CAGAYAN VALLEY)";5176;5260;19203
"Other multi-unit residential";"....Batanes";9;9;23
"Other multi-unit residential";"....Cagayan";1423;1453;5518
"Other multi-unit residential";"....Isabela";2709;2754;10079
"Other multi-unit residential";"....Nueva Vizcaya";903;911;3142
"Other multi-unit residential";"....Quirino";132;133;441
"Other multi-unit residential";"..REGION III (CENTRAL LUZON)";55961;57562;224585
"Other multi-unit residential";"....Aurora";92;92;346
"Other multi-unit residential";"....Bataan";2509;2574;9650
"Other multi-unit residential";"....Bulacan";18770;19468;76441
"Other multi-unit residential";"....Nueva Ecija";5933;6023;22873
"Other multi-unit residential";"....Pampanga *";13485;13980;56314
"Other multi-unit residential";"....Tarlac";4836;4893;19424
"Other multi-unit residential";"....Zambales *";2457;2480;9012
"Other multi-unit residential";"....City of Angeles";4369;4477;17333
"Other multi-unit residential";"....City of Olongapo";3510;3575;13192
"Other multi-unit residential";"..REGION IV-A (CALABARZON)";63617;67007;249394
"Other multi-unit residential";"....Batangas";9654;10046;37293
"Other multi-unit residential";"....Cavite";22166;23232;86230
"Other multi-unit residential";"....Laguna";15139;16554;58870
"Other multi-unit residential";"....Quezon *";3569;3685;13730
"Other multi-unit residential";"....Rizal";12334;12708;50343
"Other multi-unit residential";"....City of Lucena";755;782;2928
"Other multi-unit residential";"..MIMAROPA REGION";3822;3878;12805
"Other multi-unit residential";"....Marinduque";138;141;484
"Other multi-unit residential";"....Occidental Mindoro";628;631;2256
"Other multi-unit residential";"....Oriental Mindoro";571;581;2207
"Other multi-unit residential";"....Palawan *";706;711;2339
"Other multi-unit residential";"....Romblon";231;243;911
"Other multi-unit residential";"....City of Puerto Princesa";1548;1571;4608
"Other multi-unit residential";"..REGION V (BICOL REGION)";6100;6176;24538
"Other multi-unit residential";"....Albay";1748;1769;6893
"Other multi-unit residential";"....Camarines Norte";481;487;1954
"Other multi-unit residential";"....Camarines Sur";2852;2890;11587
"Other multi-unit residential";"....Catanduanes";59;60;225
"Other multi-unit residential";"....Masbate";439;441;1802
"Other multi-unit residential";"....Sorsogon";521;529;2077
"Other multi-unit residential";"..REGION VI (WESTERN VISAYAS)";8348;8459;31538
"Other multi-unit residential";"....Aklan";321;325;1096
"Other multi-unit residential";"....Antique";308;308;1131
"Other multi-unit residential";"....Capiz";560;570;2161
"Other multi-unit residential";"....Guimaras";17;17;49
"Other multi-unit residential";"....Iloilo *";2144;2155;7835
"Other multi-unit residential";"....Negros Occidental *";2551;2588;9818
"Other multi-unit residential";"....City of Bacolod";1246;1250;4480
"Other multi-unit residential";"....City of Iloilo";1201;1246;4968
"Other multi-unit residential";"..REGION VII (CENTRAL VISAYAS)";29433;30097;104783
"Other multi-unit residential";"....Bohol";1187;1195;4410
"Other multi-unit residential";"....Cebu *";7543;7660;28363
"Other multi-unit residential";"....Negros Oriental";2165;2205;8789
"Other multi-unit residential";"....Siquijor";10;10;35
"Other multi-unit residential";"....City of Cebu";6728;7056;24234
"Other multi-unit residential";"....City of Lapu-Lapu (Opon)";7516;7607;25931
"Other multi-unit residential";"....City of Mandaue";4284;4364;13021
"Other multi-unit residential";"..REGION VIII (EASTERN VISAYAS)";4563;4612;17253
"Other multi-unit residential";"....Biliran";34;35;103
"Other multi-unit residential";"....Eastern Samar";360;362;1393
"Other multi-unit residential";"....Leyte *";2130;2153;7982
"Other multi-unit residential";"....Northern Samar";303;305;1174
"Other multi-unit residential";"....Samar (Western Samar)";986;996;3844
"Other multi-unit residential";"....Southern Leyte";319;323;1295
"Other multi-unit residential";"....City of Tacloban";431;438;1462
"Other multi-unit residential";"..REGION IX (ZAMBOANGA PENINSULA)";6683;6909;26144
"Other multi-unit residential";"....Zamboanga del Norte";438;448;1551
"Other multi-unit residential";"....Zamboanga del Sur *";645;649;2430
"Other multi-unit residential";"....Zamboanga Sibugay";1043;1047;3697
"Other multi-unit residential";"....City of Isabela **";228;232;1119
"Other multi-unit residential";"....City of Zamboanga";4329;4533;17347
"Other multi-unit residential";"..REGION X (NORTHERN MINDANAO)";12749;13492;49934
"Other multi-unit residential";"....Bukidnon";1774;1821;6706
"Other multi-unit residential";"....Camiguin";19;19;77
"Other multi-unit residential";"....Lanao del Norte *";730;834;3602
"Other multi-unit residential";"....Misamis Occidental";908;940;3701
"Other multi-unit residential";"....Misamis Oriental *";1913;1983;7538
"Other multi-unit residential";"....City of Cagayan de Oro";5432;5843;20418
"Other multi-unit residential";"....City of Iligan";1973;2052;7892
"Other multi-unit residential";"..REGION XI (DAVAO REGION)";16707;17178;56332
"Other multi-unit residential";"....Davao de Oro (Compostela Valley)";1816;1830;6588
"Other multi-unit residential";"....Davao del Norte";3624;3767;13782
"Other multi-unit residential";"....Davao del Sur *";878;901;2832
"Other multi-unit residential";"....Davao Occidental";23;23;61
"Other multi-unit residential";"....Davao Oriental";702;716;2612
"Other multi-unit residential";"....City of Davao";9664;9941;30457
"Other multi-unit residential";"..REGION XII (SOCCSKSARGEN)";3531;3560;12320
"Other multi-unit residential";"....Cotabato (North Cotabato)";1013;1022;3706
"Other multi-unit residential";"....Sarangani";418;422;1524
"Other multi-unit residential";"....South Cotabato *";696;697;2200
"Other multi-unit residential";"....Sultan Kudarat";597;602;2212
"Other multi-unit residential";"....City of General Santos (Dadiangas)";807;817;2678
"Other multi-unit residential";"..REGION XIII (CARAGA)";3243;3307;11604
"Other multi-unit residential";"....Agusan del Norte *";514;529;1898
"Other multi-unit residential";"....Agusan del Sur";531;537;1825
"Other multi-unit residential";"....Dinagat Islands";54;55;191
"Other multi-unit residential";"....Surigao del Norte";377;379;1287
"Other multi-unit residential";"....Surigao del Sur";945;972;3508
"Other multi-unit residential";"....City of Butuan";822;835;2895
"Other multi-unit residential";"..BANGSAMORO AUTONOMOUS REGION IN MUSLIM MINDANAO (BARMM)";2704;3056;17155
"Other multi-unit residential";"....Basilan";80;82;431
"Other multi-unit residential";"....Lanao del Sur";1158;1424;9147
"Other multi-unit residential";"....Maguindanao";930;1004;4494
"Other multi-unit residential";"....Sulu";353;362;2192
"Other multi-unit residential";"....Tawi-Tawi";48;49;335
"Other multi-unit residential";"....Eight (8) Area Clusters ***";135;135;556
"Commercial/industrial/agricultural";"PHILIPPINES";41248;45670;136613
"Commercial/industrial/agricultural";"..NATIONAL CAPITAL REGION (NCR)";13603;16110;42579
"Commercial/industrial/agricultural";"....City of Manila";1715;1869;5600
"Commercial/industrial/agricultural";"....City of Mandaluyong";359;417;1014
"Commercial/industrial/agricultural";"....City of Marikina";329;356;1165
"Commercial/industrial/agricultural";"....City of Pasig";521;671;1680
"Commercial/industrial/agricultural";"....Quezon City";3879;4495;12362
"Commercial/industrial/agricultural";"....City of San Juan";156;190;467
"Commercial/industrial/agricultural";"....City of Caloocan";1382;1639;4678
"Commercial/industrial/agricultural";"....City of Malabon";467;544;1740
"Commercial/industrial/agricultural";"....City of Navotas";183;250;597
"Commercial/industrial/agricultural";"....City of Valenzuela";1999;2605;5852
"Commercial/industrial/agricultural";"....City of Las Piñas";494;602;1681
"Commercial/industrial/agricultural";"....City of Makati";335;381;826
"Commercial/industrial/agricultural";"....City of Muntinlupa";203;229;640
"Commercial/industrial/agricultural";"....City of Parañaque";682;834;1904
"Commercial/industrial/agricultural";"....Pasay City";648;753;1694
"Commercial/industrial/agricultural";"....City of Taguig";243;266;668
"Commercial/industrial/agricultural";"....Pateros";8;9;11
"Commercial/industrial/agricultural";"..CORDILLERA ADMINISTRATIVE REGION (CAR)";832;874;2584
"Commercial/industrial/agricultural";"....Abra";21;21;51
"Commercial/industrial/agricultural";"....Apayao";34;35;120
"Commercial/industrial/agricultural";"....Benguet *";256;260;782
"Commercial/industrial/agricultural";"....Ifugao";25;25;108
"Commercial/industrial/agricultural";"....Kalinga";20;20;71
"Commercial/industrial/agricultural";"....Mountain Province";16;16;47
"Commercial/industrial/agricultural";"....City of Baguio";460;497;1405
"Commercial/industrial/agricultural";"..REGION I (ILOCOS REGION)";1087;1163;3858
"Commercial/industrial/agricultural";"....Ilocos Norte";181;200;704
"Commercial/industrial/agricultural";"....Ilocos Sur";132;137;522
"Commercial/industrial/agricultural";"....La Union";147;152;477
"Commercial/industrial/agricultural";"....Pangasinan";627;674;2155
"Commercial/industrial/agricultural";"..REGION II (CAGAYAN VALLEY)";1150;1192;4268
"Commercial/industrial/agricultural";"....Batanes";4;4;14
"Commercial/industrial/agricultural";"....Cagayan";351;368;1355
"Commercial/industrial/agricultural";"....Isabela";381;392;1449
"Commercial/industrial/agricultural";"....Nueva Vizcaya";297;311;1012
"Commercial/industrial/agricultural";"....Quirino";117;117;438
"Commercial/industrial/agricultural";"..REGION III (CENTRAL LUZON)";4686;5008;15823
"Commercial/industrial/agricultural";"....Aurora";72;72;251
"Commercial/industrial/agricultural";"....Bataan";261;285;906
"Commercial/industrial/agricultural";"....Bulacan";1838;1989;5865
"Commercial/industrial/agricultural";"....Nueva Ecija";732;780;2538
"Commercial/industrial/agricultural";"....Pampanga *";714;750;2462
"Commercial/industrial/agricultural";"....Tarlac";399;406;1426
"Commercial/industrial/agricultural";"....Zambales *";132;132;418
"Commercial/industrial/agricultural";"....City of Angeles";302;339;1183
"Commercial/industrial/agricultural";"....City of Olongapo";236;255;774
"Commercial/industrial/agricultural";"..REGION IV-A (CALABARZON)";5508;6211;17594
"Commercial/industrial/agricultural";"....Batangas";927;1072;3005
"Commercial/industrial/agricultural";"....Cavite";1992;2316;6041
"Commercial/industrial/agricultural";"....Laguna";838;939;2541
"Commercial/industrial/agricultural";"....Quezon *";603;656;2142
"Commercial/industrial/agricultural";"....Rizal";1026;1103;3443
"Commercial/industrial/agricultural";"....City of Lucena";122;125;422
"Commercial/industrial/agricultural";"..MIMAROPA REGION";1011;1037;3535
"Commercial/industrial/agricultural";"....Marinduque";38;39;116
"Commercial/industrial/agricultural";"....Occidental Mindoro";75;77;258
"Commercial/industrial/agricultural";"....Oriental Mindoro";322;331;1165
"Commercial/industrial/agricultural";"....Palawan *";370;372;1265
"Commercial/industrial/agricultural";"....Romblon";30;31;101
"Commercial/industrial/agricultural";"....City of Puerto Princesa";176;187;630
"Commercial/industrial/agricultural";"..REGION V (BICOL REGION)";1498;1535;5448
"Commercial/industrial/agricultural";"....Albay";269;274;910
"Commercial/industrial/agricultural";"....Camarines Norte";236;245;903
"Commercial/industrial/agricultural";"....Camarines Sur";609;626;2176
"Commercial/industrial/agricultural";"....Catanduanes";76;79;306
"Commercial/industrial/agricultural";"....Masbate";137;138;554
"Commercial/industrial/agricultural";"....Sorsogon";171;173;599
"Commercial/industrial/agricultural";"..REGION VI (WESTERN VISAYAS)";1945;2009;6736
"Commercial/industrial/agricultural";"....Aklan";249;252;885
"Commercial/industrial/agricultural";"....Antique";123;123;462
"Commercial/industrial/agricultural";"....Capiz";106;108;394
"Commercial/industrial/agricultural";"....Guimaras";57;57;208
"Commercial/industrial/agricultural";"....Iloilo *";283;288;862
"Commercial/industrial/agricultural";"....Negros Occidental *";363;375;1227
"Commercial/industrial/agricultural";"....City of Bacolod";372;394;1279
"Commercial/industrial/agricultural";"....City of Iloilo";392;412;1419
"Commercial/industrial/agricultural";"..REGION VII (CENTRAL VISAYAS)";1910;2120;5788
"Commercial/industrial/agricultural";"....Bohol";269;270;934
"Commercial/industrial/agricultural";"....Cebu *";541;624;1579
"Commercial/industrial/agricultural";"....Negros Oriental";236;239;863
"Commercial/industrial/agricultural";"....Siquijor";35;35;105
"Commercial/industrial/agricultural";"....City of Cebu";431;500;1299
"Commercial/industrial/agricultural";"....City of Lapu-Lapu (Opon)";136;149;404
"Commercial/industrial/agricultural";"....City of Mandaue";262;303;604
"Commercial/industrial/agricultural";"..REGION VIII (EASTERN VISAYAS)";860;888;3191
"Commercial/industrial/agricultural";"....Biliran";45;49;145
"Commercial/industrial/agricultural";"....Eastern Samar";47;47;177
"Commercial/industrial/agricultural";"....Leyte *";306;307;1059
"Commercial/industrial/agricultural";"....Northern Samar";80;84;340
"Commercial/industrial/agricultural";"....Samar (Western Samar)";81;84;344
"Commercial/industrial/agricultural";"....Southern Leyte";111;113;411
"Commercial/industrial/agricultural";"....City of Tacloban";190;204;715
"Commercial/industrial/agricultural";"..REGION IX (ZAMBOANGA PENINSULA)";994;1032;3821
"Commercial/industrial/agricultural";"....Zamboanga del Norte";159;160;620
"Commercial/industrial/agricultural";"....Zamboanga del Sur *";240;250;958
"Commercial/industrial/agricultural";"....Zamboanga Sibugay";326;332;1136
"Commercial/industrial/agricultural";"....City of Isabela **";16;19;70
"Commercial/industrial/agricultural";"....City of Zamboanga";253;271;1037
"Commercial/industrial/agricultural";"..REGION X (NORTHERN MINDANAO)";1680;1754;5918
"Commercial/industrial/agricultural";"....Bukidnon";546;558;2021
"Commercial/industrial/agricultural";"....Camiguin";26;26;64
"Commercial/industrial/agricultural";"....Lanao del Norte *";182;193;797
"Commercial/industrial/agricultural";"....Misamis Occidental";96;100;356
"Commercial/industrial/agricultural";"....Misamis Oriental *";221;228;756
"Commercial/industrial/agricultural";"....City of Cagayan de Oro";434;470;1267
"Commercial/industrial/agricultural";"....City of Iligan";175;179;657
"Commercial/industrial/agricultural";"..REGION XI (DAVAO REGION)";2109;2275;6292
"Commercial/industrial/agricultural";"....Davao de Oro (Compostela Valley)";276;285;976
"Commercial/industrial/agricultural";"....Davao del Norte";381;389;1341
"Commercial/industrial/agricultural";"....Davao del Sur *";146;147;448
"Commercial/industrial/agricultural";"....Davao Occidental";25;27;72
"Commercial/industrial/agricultural";"....Davao Oriental";76;82;288
"Commercial/industrial/agricultural";"....City of Davao";1205;1345;3167
"Commercial/industrial/agricultural";"..REGION XII (SOCCSKSARGEN)";1132;1161;3957
"Commercial/industrial/agricultural";"....Cotabato (North Cotabato)";340;341;1230
"Commercial/industrial/agricultural";"....Sarangani";50;55;177
"Commercial/industrial/agricultural";"....South Cotabato *";272;282;946
"Commercial/industrial/agricultural";"....Sultan Kudarat";225;230;821
"Commercial/industrial/agricultural";"....City of General Santos (Dadiangas)";245;253;783
"Commercial/industrial/agricultural";"..REGION XIII (CARAGA)";714;731;2351
"Commercial/industrial/agricultural";"....Agusan del Norte *";63;64;203
"Commercial/industrial/agricultural";"....Agusan del Sur";174;176;618
"Commercial/industrial/agricultural";"....Dinagat Islands";24;24;78
"Commercial/industrial/agricultural";"....Surigao del Norte";103;103;291
"Commercial/industrial/agricultural";"....Surigao del Sur";125;133;442
"Commercial/industrial/agricultural";"....City of Butuan";225;231;719
"Commercial/industrial/agricultural";"..BANGSAMORO AUTONOMOUS REGION IN MUSLIM MINDANAO (BARMM)";529;570;2870
"Commercial/industrial/agricultural";"....Basilan";10;10;64
"Commercial/industrial/agricultural";"....Lanao del Sur";69;92;580
"Commercial/industrial/agricultural";"....Maguindanao";369;376;1707
"Commercial/industrial/agricultural";"....Sulu";44;45;282
"Commercial/industrial/agricultural";"....Tawi-Tawi";28;38;209
"Commercial/industrial/agricultural";"....Eight (8) Area Clusters ***";9;9;28
"Institutional living quarter";"PHILIPPINES";3424;3644;11768
"Institutional living quarter";"..NATIONAL CAPITAL REGION (NCR)";658;722;2059
"Institutional living quarter";"....City of Manila";188;209;545
"Institutional living quarter";"....City of Mandaluyong";23;23;78
"Institutional living quarter";"....City of Marikina";23;23;83
"Institutional living quarter";"....City of Pasig";21;21;71
"Institutional living quarter";"....Quezon City";162;173;467
"Institutional living quarter";"....City of San Juan";5;7;11
"Institutional living quarter";"....City of Caloocan";34;38;132
"Institutional living quarter";"....City of Malabon";6;6;21
"Institutional living quarter";"....City of Navotas";9;9;29
"Institutional living quarter";"....City of Valenzuela";48;60;174
"Institutional living quarter";"....City of Las Piñas";37;37;153
"Institutional living quarter";"....City of Makati";26;26;62
"Institutional living quarter";"....City of Muntinlupa";5;5;27
"Institutional living quarter";"....City of Parañaque";38;46;83
"Institutional living quarter";"....Pasay City";9;12;27
"Institutional living quarter";"....City of Taguig";23;26;95
"Institutional living quarter";"....Pateros";1;1;1
"Institutional living quarter";"..CORDILLERA ADMINISTRATIVE REGION (CAR)";65;73;214
"Institutional living quarter";"....Abra";7;11;29
"Institutional living quarter";"....Apayao";1;1;9
"Institutional living quarter";"....Benguet *";14;14;23
"Institutional living quarter";"....Ifugao";0;0;0
"Institutional living quarter";"....Kalinga";4;4;12
"Institutional living quarter";"....Mountain Province";11;11;46
"Institutional living quarter";"....City of Baguio";28;32;95
"Institutional living quarter";"..REGION I (ILOCOS REGION)";112;117;423
"Institutional living quarter";"....Ilocos Norte";15;15;61
"Institutional living quarter";"....Ilocos Sur";14;14;52
"Institutional living quarter";"....La Union";45;50;177
"Institutional living quarter";"....Pangasinan";38;38;133
"Institutional living quarter";"..REGION II (CAGAYAN VALLEY)";64;64;228
"Institutional living quarter";"....Batanes";5;5;12
"Institutional living quarter";"....Cagayan";28;28;114
"Institutional living quarter";"....Isabela";21;21;66
"Institutional living quarter";"....Nueva Vizcaya";10;10;36
"Institutional living quarter";"....Quirino";0;0;0
"Institutional living quarter";"..REGION III (CENTRAL LUZON)";344;352;1278
"Institutional living quarter";"....Aurora";16;16;77
"Institutional living quarter";"....Bataan";24;24;89
"Institutional living quarter";"....Bulacan";148;156;553
"Institutional living quarter";"....Nueva Ecija";46;46;155
"Institutional living quarter";"....Pampanga *";46;46;168
"Institutional living quarter";"....Tarlac";22;22;82
"Institutional living quarter";"....Zambales *";25;25;89
"Institutional living quarter";"....City of Angeles";9;9;30
"Institutional living quarter";"....City of Olongapo";8;8;35
"Institutional living quarter";"..REGION IV-A (CALABARZON)";322;333;1112
"Institutional living quarter";"....Batangas";67;71;224
"Institutional living quarter";"....Cavite";93;96;330
"Institutional living quarter";"....Laguna";47;51;186
"Institutional living quarter";"....Quezon *";39;39;119
"Institutional living quarter";"....Rizal";73;73;238
"Institutional living quarter";"....City of Lucena";3;3;15
"Institutional living quarter";"..MIMAROPA REGION";146;154;383
"Institutional living quarter";"....Marinduque";5;5;21
"Institutional living quarter";"....Occidental Mindoro";7;7;17
"Institutional living quarter";"....Oriental Mindoro";31;31;90
"Institutional living quarter";"....Palawan *";49;50;135
"Institutional living quarter";"....Romblon";11;11;32
"Institutional living quarter";"....City of Puerto Princesa";43;50;88
"Institutional living quarter";"..REGION V (BICOL REGION)";198;243;930
"Institutional living quarter";"....Albay";57;102;401
"Institutional living quarter";"....Camarines Norte";9;9;35
"Institutional living quarter";"....Camarines Sur";46;46;192
"Institutional living quarter";"....Catanduanes";57;57;203
"Institutional living quarter";"....Masbate";11;11;38
"Institutional living quarter";"....Sorsogon";18;18;61
"Institutional living quarter";"..REGION VI (WESTERN VISAYAS)";225;231;765
"Institutional living quarter";"....Aklan";38;40;146
"Institutional living quarter";"....Antique";15;15;57
"Institutional living quarter";"....Capiz";10;10;31
"Institutional living quarter";"....Guimaras";1;1;2
"Institutional living quarter";"....Iloilo *";55;57;205
"Institutional living quarter";"....Negros Occidental *";35;35;95
"Institutional living quarter";"....City of Bacolod";42;44;99
"Institutional living quarter";"....City of Iloilo";29;29;130
"Institutional living quarter";"..REGION VII (CENTRAL VISAYAS)";250;262;852
"Institutional living quarter";"....Bohol";65;67;252
"Institutional living quarter";"....Cebu *";58;61;231
"Institutional living quarter";"....Negros Oriental";39;42;148
"Institutional living quarter";"....Siquijor";2;2;2
"Institutional living quarter";"....City of Cebu";72;75;172
"Institutional living quarter";"....City of Lapu-Lapu (Opon)";10;11;35
"Institutional living quarter";"....City of Mandaue";4;4;12
"Institutional living quarter";"..REGION VIII (EASTERN VISAYAS)";88;97;310
"Institutional living quarter";"....Biliran";1;3;8
"Institutional living quarter";"....Eastern Samar";5;5;11
"Institutional living quarter";"....Leyte *";31;35;96
"Institutional living quarter";"....Northern Samar";20;20;89
"Institutional living quarter";"....Samar (Western Samar)";12;15;45
"Institutional living quarter";"....Southern Leyte";12;12;33
"Institutional living quarter";"....City of Tacloban";7;7;28
"Institutional living quarter";"..REGION IX (ZAMBOANGA PENINSULA)";145;145;562
"Institutional living quarter";"....Zamboanga del Norte";24;24;72
"Institutional living quarter";"....Zamboanga del Sur *";53;53;250
"Institutional living quarter";"....Zamboanga Sibugay";34;34;114
"Institutional living quarter";"....City of Isabela **";1;1;5
"Institutional living quarter";"....City of Zamboanga";33;33;121
"Institutional living quarter";"..REGION X (NORTHERN MINDANAO)";153;160;521
"Institutional living quarter";"....Bukidnon";52;57;194
"Institutional living quarter";"....Camiguin";4;4;24
"Institutional living quarter";"....Lanao del Norte *";12;13;52
"Institutional living quarter";"....Misamis Occidental";11;11;39
"Institutional living quarter";"....Misamis Oriental *";24;25;78
"Institutional living quarter";"....City of Cagayan de Oro";41;41;112
"Institutional living quarter";"....City of Iligan";9;9;22
"Institutional living quarter";"..REGION XI (DAVAO REGION)";334;344;877
"Institutional living quarter";"....Davao de Oro (Compostela Valley)";28;29;78
"Institutional living quarter";"....Davao del Norte";66;68;278
"Institutional living quarter";"....Davao del Sur *";14;14;42
"Institutional living quarter";"....Davao Occidental";15;15;25
"Institutional living quarter";"....Davao Oriental";33;33;112
"Institutional living quarter";"....City of Davao";178;185;342
"Institutional living quarter";"..REGION XII (SOCCSKSARGEN)";118;123;326
"Institutional living quarter";"....Cotabato (North Cotabato)";23;23;65
"Institutional living quarter";"....Sarangani";9;9;31
"Institutional living quarter";"....South Cotabato *";6;6;15
"Institutional living quarter";"....Sultan Kudarat";72;77;198
"Institutional living quarter";"....City of General Santos (Dadiangas)";8;8;17
"Institutional living quarter";"..REGION XIII (CARAGA)";119;130;411
"Institutional living quarter";"....Agusan del Norte *";2;2;7
"Institutional living quarter";"....Agusan del Sur";33;39;129
"Institutional living quarter";"....Dinagat Islands";2;2;4
"Institutional living quarter";"....Surigao del Norte";10;10;33
"Institutional living quarter";"....Surigao del Sur";13;13;40
"Institutional living quarter";"....City of Butuan";59;64;198
"Institutional living quarter";"..BANGSAMORO AUTONOMOUS REGION IN MUSLIM MINDANAO (BARMM)";83;94;517
"Institutional living quarter";"....Basilan";2;5;34
"Institutional living quarter";"....Lanao del Sur";16;21;130
"Institutional living quarter";"....Maguindanao";37;37;202
"Institutional living quarter";"....Sulu";21;24;113
"Institutional living quarter";"....Tawi-Tawi";6;6;35
"Institutional living quarter";"....Eight (8) Area Clusters ***";1;1;3
"Other types of building";"PHILIPPINES";1674;1869;5773
"Other types of building";"..NATIONAL CAPITAL REGION (NCR)";399;436;1360
"Other types of building";"....City of Manila";230;247;806
"Other types of building";"....City of Mandaluyong";8;8;19
"Other types of building";"....City of Marikina";2;2;7
"Other types of building";"....City of Pasig";2;2;5
"Other types of building";"....Quezon City";31;37;94
"Other types of building";"....City of San Juan";15;15;68
"Other types of building";"....City of Caloocan";7;7;13
"Other types of building";"....City of Malabon";43;44;143
"Other types of building";"....City of Navotas";10;10;38
"Other types of building";"....City of Valenzuela";1;1;1
"Other types of building";"....City of Las Piñas";5;5;12
"Other types of building";"....City of Makati";9;16;25
"Other types of building";"....City of Muntinlupa";8;12;30
"Other types of building";"....City of Parañaque";9;9;32
"Other types of building";"....Pasay City";13;13;38
"Other types of building";"....City of Taguig";6;8;29
"Other types of building";"....Pateros";0;0;0
"Other types of building";"..CORDILLERA ADMINISTRATIVE REGION (CAR)";47;47;133
"Other types of building";"....Abra";0;0;0
"Other types of building";"....Apayao";6;6;20
"Other types of building";"....Benguet *";32;32;89
"Other types of building";"....Ifugao";0;0;0
"Other types of building";"....Kalinga";0;0;0
"Other types of building";"....Mountain Province";1;1;1
"Other types of building";"....City of Baguio";8;8;23
"Other types of building";"..REGION I (ILOCOS REGION)";50;50;118
"Other types of building";"....Ilocos Norte";6;6;10
"Other types of building";"....Ilocos Sur";3;3;6
"Other types of building";"....La Union";5;5;16
"Other types of building";"....Pangasinan";36;36;86
"Other types of building";"..REGION II (CAGAYAN VALLEY)";7;10;32
"Other types of building";"....Batanes";1;1;2
"Other types of building";"....Cagayan";0;0;0
"Other types of building";"....Isabela";0;0;0
"Other types of building";"....Nueva Vizcaya";4;7;22
"Other types of building";"....Quirino";2;2;8
"Other types of building";"..REGION III (CENTRAL LUZON)";291;345;1179
"Other types of building";"....Aurora";4;4;5
"Other types of building";"....Bataan";6;6;17
"Other types of building";"....Bulacan";199;247;788
"Other types of building";"....Nueva Ecija";7;7;18
"Other types of building";"....Pampanga *";10;10;38
"Other types of building";"....Tarlac";31;36;130
"Other types of building";"....Zambales *";16;17;122
"Other types of building";"....City of Angeles";16;16;53
"Other types of building";"....City of Olongapo";2;2;8
"Other types of building";"..REGION IV-A (CALABARZON)";378;449;1213
"Other types of building";"....Batangas";63;67;230
"Other types of building";"....Cavite";277;344;882
"Other types of building";"....Laguna";21;21;58
"Other types of building";"....Quezon *";3;3;8
"Other types of building";"....Rizal";14;14;35
"Other types of building";"....City of Lucena";0;0;0
"Other types of building";"..MIMAROPA REGION";4;4;4
"Other types of building";"....Marinduque";1;1;1
"Other types of building";"....Occidental Mindoro";1;1;1
"Other types of building";"....Oriental Mindoro";1;1;1
"Other types of building";"....Palawan *";0;0;0
"Other types of building";"....Romblon";1;1;1
"Other types of building";"....City of Puerto Princesa";0;0;0
"Other types of building";"..REGION V (BICOL REGION)";53;53;188
"Other types of building";"....Albay";7;7;34
"Other types of building";"....Camarines Norte";10;10;19
"Other types of building";"....Camarines Sur";21;21;67
"Other types of building";"....Catanduanes";10;10;45
"Other types of building";"....Masbate";3;3;20
"Other types of building";"....Sorsogon";2;2;3
"Other types of building";"..REGION VI (WESTERN VISAYAS)";60;63;192
"Other types of building";"....Aklan";1;1;1
"Other types of building";"....Antique";2;2;7
"Other types of building";"....Capiz";9;9;31
"Other types of building";"....Guimaras";2;2;5
"Other types of building";"....Iloilo *";27;29;86
"Other types of building";"....Negros Occidental *";0;0;0
"Other types of building";"....City of Bacolod";6;6;11
"Other types of building";"....City of Iloilo";13;14;51
"Other types of building";"..REGION VII (CENTRAL VISAYAS)";67;73;193
"Other types of building";"....Bohol";16;17;47
"Other types of building";"....Cebu *";19;20;47
"Other types of building";"....Negros Oriental";12;12;22
"Other types of building";"....Siquijor";1;1;2
"Other types of building";"....City of Cebu";14;15;62
"Other types of building";"....City of Lapu-Lapu (Opon)";1;1;1
"Other types of building";"....City of Mandaue";4;7;12
"Other types of building";"..REGION VIII (EASTERN VISAYAS)";39;39;109
"Other types of building";"....Biliran";0;0;0
"Other types of building";"....Eastern Samar";4;4;9
"Other types of building";"....Leyte *";19;19;43
"Other types of building";"....Northern Samar";1;1;1
"Other types of building";"....Samar (Western Samar)";4;4;17
"Other types of building";"....Southern Leyte";5;5;20
"Other types of building";"....City of Tacloban";6;6;19
"Other types of building";"..REGION IX (ZAMBOANGA PENINSULA)";30;31;130
"Other types of building";"....Zamboanga del Norte";0;0;0
"Other types of building";"....Zamboanga del Sur *";11;11;45
"Other types of building";"....Zamboanga Sibugay";1;1;4
"Other types of building";"....City of Isabela **";2;3;14
"Other types of building";"....City of Zamboanga";16;16;67
"Other types of building";"..REGION X (NORTHERN MINDANAO)";25;25;65
"Other types of building";"....Bukidnon";9;9;33
"Other types of building";"....Camiguin";0;0;0
"Other types of building";"....Lanao del Norte *";0;0;0
"Other types of building";"....Misamis Occidental";5;5;10
"Other types of building";"....Misamis Oriental *";5;5;13
"Other types of building";"....City of Cagayan de Oro";5;5;8
"Other types of building";"....City of Iligan";1;1;1
"Other types of building";"..REGION XI (DAVAO REGION)";76;90;204
"Other types of building";"....Davao de Oro (Compostela Valley)";6;6;22
"Other types of building";"....Davao del Norte";8;8;23
"Other types of building";"....Davao del Sur *";15;15;54
"Other types of building";"....Davao Occidental";0;0;0
"Other types of building";"....Davao Oriental";1;1;2
"Other types of building";"....City of Davao";46;60;103
"Other types of building";"..REGION XII (SOCCSKSARGEN)";95;96;380
"Other types of building";"....Cotabato (North Cotabato)";73;73;309
"Other types of building";"....Sarangani";0;0;0
"Other types of building";"....South Cotabato *";6;6;28
"Other types of building";"....Sultan Kudarat";1;1;5
"Other types of building";"....City of General Santos (Dadiangas)";15;16;38
"Other types of building";"..REGION XIII (CARAGA)";27;27;69
"Other types of building";"....Agusan del Norte *";0;0;0
"Other types of building";"....Agusan del Sur";12;12;39
"Other types of building";"....Dinagat Islands";0;0;0
"Other types of building";"....Surigao del Norte";2;2;2
"Other types of building";"....Surigao del Sur";6;6;11
"Other types of building";"....City of Butuan";7;7;17
"Other types of building";"..BANGSAMORO AUTONOMOUS REGION IN MUSLIM MINDANAO (BARMM)";26;31;204
"Other types of building";"....Basilan";3;3;16
"Other types of building";"....Lanao del Sur";18;23;161
"Other types of building";"....Maguindanao";5;5;27
"Other types of building";"....Sulu";0;0;0
"Other types of building";"....Tawi-Tawi";0;0;0
"Other types of building";"....Eight (8) Area Clusters ***";0;0;0
"Not reported";"PHILIPPINES";76;86;358
"Not reported";"..NATIONAL CAPITAL REGION (NCR)";28;37;160
"Not reported";"....City of Manila";4;12;50
"Not reported";"....City of Mandaluyong";0;0;0
"Not reported";"....City of Marikina";0;0;0
"Not reported";"....City of Pasig";0;0;0
"Not reported";"....Quezon City";20;21;84
"Not reported";"....City of San Juan";0;0;0
"Not reported";"....City of Caloocan";0;0;0
"Not reported";"....City of Malabon";0;0;0
"Not reported";"....City of Navotas";2;2;12
"Not reported";"....City of Valenzuela";2;2;14
"Not reported";"....City of Las Piñas";0;0;0
"Not reported";"....City of Makati";0;0;0
"Not reported";"....City of Muntinlupa";0;0;0
"Not reported";"....City of Parañaque";0;0;0
"Not reported";"....Pasay City";0;0;0
"Not reported";"....City of Taguig";0;0;0
"Not reported";"....Pateros";0;0;0
"Not reported";"..CORDILLERA ADMINISTRATIVE REGION (CAR)";1;1;4
"Not reported";"....Abra";1;1;4
"Not reported";"....Apayao";0;0;0
"Not reported";"....Benguet *";0;0;0
"Not reported";"....Ifugao";0;0;0
"Not reported";"....Kalinga";0;0;0
"Not reported";"....Mountain Province";0;0;0
"Not reported";"....City of Baguio";0;0;0
"Not reported";"..REGION I (ILOCOS REGION)";3;3;7
"Not reported";"....Ilocos Norte";0;0;0
"Not reported";"....Ilocos Sur";0;0;0
"Not reported";"....La Union";0;0;0
"Not reported";"....Pangasinan";3;3;7
"Not reported";"..REGION II (CAGAYAN VALLEY)";2;2;11
"Not reported";"....Batanes";0;0;0
"Not reported";"....Cagayan";0;0;0
"Not reported";"....Isabela";2;2;11
"Not reported";"....Nueva Vizcaya";0;0;0
"Not reported";"....Quirino";0;0;0
"Not reported";"..REGION III (CENTRAL LUZON)";8;8;36
"Not reported";"....Aurora";0;0;0
"Not reported";"....Bataan";2;2;7
"Not reported";"....Bulacan";2;2;7
"Not reported";"....Nueva Ecija";0;0;0
"Not reported";"....Pampanga *";2;2;9
"Not reported";"....Tarlac";2;2;13
"Not reported";"....Zambales *";0;0;0
"Not reported";"....City of Angeles";0;0;0
"Not reported";"....City of Olongapo";0;0;0
"Not reported";"..REGION IV-A (CALABARZON)";13;13;48
"Not reported";"....Batangas";2;2;9
"Not reported";"....Cavite";7;7;25
"Not reported";"....Laguna";2;2;6
"Not reported";"....Quezon *";0;0;0
"Not reported";"....Rizal";2;2;8
"Not reported";"....City of Lucena";0;0;0
"Not reported";"..MIMAROPA REGION";0;0;0
"Not reported";"....Marinduque";0;0;0
"Not reported";"....Occidental Mindoro";0;0;0
"Not reported";"....Oriental Mindoro";0;0;0
"Not reported";"....Palawan *";0;0;0
"Not reported";"....Romblon";0;0;0
"Not reported";"....City of Puerto Princesa";0;0;0
"Not reported";"..REGION V (BICOL REGION)";0;0;0
"Not reported";"....Albay";0;0;0
"Not reported";"....Camarines Norte";0;0;0
"Not reported";"....Camarines Sur";0;0;0
"Not reported";"....Catanduanes";0;0;0
"Not reported";"....Masbate";0;0;0
"Not reported";"....Sorsogon";0;0;0
"Not reported";"..REGION VI (WESTERN VISAYAS)";0;0;0
"Not reported";"....Aklan";0;0;0
"Not reported";"....Antique";0;0;0
"Not reported";"....Capiz";0;0;0
"Not reported";"....Guimaras";0;0;0
"Not reported";"....Iloilo *";0;0;0
"Not reported";"....Negros Occidental *";0;0;0
"Not reported";"....City of Bacolod";0;0;0
"Not reported";"....City of Iloilo";0;0;0
"Not reported";"..REGION VII (CENTRAL VISAYAS)";2;2;10
"Not reported";"....Bohol";0;0;0
"Not reported";"....Cebu *";0;0;0
"Not reported";"....Negros Oriental";2;2;10
"Not reported";"....Siquijor";0;0;0
"Not reported";"....City of Cebu";0;0;0
"Not reported";"....City of Lapu-Lapu (Opon)";0;0;0
"Not reported";"....City of Mandaue";0;0;0
"Not reported";"..REGION VIII (EASTERN VISAYAS)";0;0;0
"Not reported";"....Biliran";0;0;0
"Not reported";"....Eastern Samar";0;0;0
"Not reported";"....Leyte *";0;0;0
"Not reported";"....Northern Samar";0;0;0
"Not reported";"....Samar (Western Samar)";0;0;0
"Not reported";"....Southern Leyte";0;0;0
"Not reported";"....City of Tacloban";0;0;0
"Not reported";"..REGION IX (ZAMBOANGA PENINSULA)";4;5;23
"Not reported";"....Zamboanga del Norte";0;0;0
"Not reported";"....Zamboanga del Sur *";0;0;0
"Not reported";"....Zamboanga Sibugay";0;0;0
"Not reported";"....City of Isabela **";0;0;0
"Not reported";"....City of Zamboanga";4;5;23
"Not reported";"..REGION X (NORTHERN MINDANAO)";5;5;19
"Not reported";"....Bukidnon";1;1;5
"Not reported";"....Camiguin";0;0;0
"Not reported";"....Lanao del Norte *";0;0;0
"Not reported";"....Misamis Occidental";0;0;0
"Not reported";"....Misamis Oriental *";2;2;8
"Not reported";"....City of Cagayan de Oro";0;0;0
"Not reported";"....City of Iligan";2;2;6
"Not reported";"..REGION XI (DAVAO REGION)";6;6;19
"Not reported";"....Davao de Oro (Compostela Valley)";2;2;6
"Not reported";"....Davao del Norte";0;0;0
"Not reported";"....Davao del Sur *";0;0;0
"Not reported";"....Davao Occidental";0;0;0
"Not reported";"....Davao Oriental";2;2;6
"Not reported";"....City of Davao";2;2;7
"Not reported";"..REGION XII (SOCCSKSARGEN)";2;2;9
"Not reported";"....Cotabato (North Cotabato)";0;0;0
"Not reported";"....Sarangani";0;0;0
"Not reported";"....South Cotabato *";0;0;0
"Not reported";"....Sultan Kudarat";2;2;9
"Not reported";"....City of General Santos (Dadiangas)";0;0;0
"Not reported";"..REGION XIII (CARAGA)";0;0;0
"Not reported";"....Agusan del Norte *";0;0;0
"Not reported";"....Agusan del Sur";0;0;0
"Not reported";"....Dinagat Islands";0;0;0
"Not reported";"....Surigao del Norte";0;0;0
"Not reported";"....Surigao del Sur";0;0;0
"Not reported";"....City of Butuan";0;0;0
"Not reported";"..BANGSAMORO AUTONOMOUS REGION IN MUSLIM MINDANAO (BARMM)";2;2;12
"Not reported";"....Basilan";0;0;0
"Not reported";"....Lanao del Sur";0;0;0
"Not reported";"....Maguindanao";0;0;0
"Not reported";"....Sulu";2;2;12
"Not reported";"....Tawi-Tawi";0;0;0
"Not reported";"....Eight (8) Area Clusters ***";0;0;0
