"Number of Establishments Employing 20 or More Workers with Employees Who Availed of ECP Benefits  by Type and Duration When Benefit was Received and Major Industry Group, Philippines: 2015 - 2017"
"https://openstat.psa.gov.ph/PXWeb/pxweb/en/DB/DB__1B__ISLE__ECP/0091B3E9090.px/table/tableViewLayout1/?rxid=8f93a501-56de-4185-b800-b85adb27d886"
"Type of ECP Benefits";"Duration When Benefit was Received";"Major Industry Group";"2017"
"Total Establishments With Employees Who Availed ECP Benefits";"Less than one month";"ALL INDUSTRIES";16223
"Total Establishments With Employees Who Availed ECP Benefits";"Less than one month";"..Agriculture, Forestry and Fishing";558
"Total Establishments With Employees Who Availed ECP Benefits";"Less than one month";"..Mining and Quarrying";72
"Total Establishments With Employees Who Availed ECP Benefits";"Less than one month";"..Manufacturing";3505
"Total Establishments With Employees Who Availed ECP Benefits";"Less than one month";"..Electricity, Gas, Steam and Air Conditioning Supply";202
"Total Establishments With Employees Who Availed ECP Benefits";"Less than one month";"..Water Supply; Sewerage, Waste Management and Remediation Activities";116
"Total Establishments With Employees Who Availed ECP Benefits";"Less than one month";"..Construction";553
"Total Establishments With Employees Who Availed ECP Benefits";"Less than one month";"..Wholesale and Retail Trade; Repair of Motor Vehicles and Motorcycles";3787
"Total Establishments With Employees Who Availed ECP Benefits";"Less than one month";"..Transportation and Storage";574
"Total Establishments With Employees Who Availed ECP Benefits";"Less than one month";"..Accommodation and Food Service Activities";2006
"Total Establishments With Employees Who Availed ECP Benefits";"Less than one month";"..Information and Communication";286
"Total Establishments With Employees Who Availed ECP Benefits";"Less than one month";"..Financial and Insurance Activities";656
"Total Establishments With Employees Who Availed ECP Benefits";"Less than one month";"..Real Estate Activities";215
"Total Establishments With Employees Who Availed ECP Benefits";"Less than one month";"..Professional, Scientific and Technical Activities";313
"Total Establishments With Employees Who Availed ECP Benefits";"Less than one month";"..Administrative and Support Service Activities";1043
"Total Establishments With Employees Who Availed ECP Benefits";"Less than one month";"..Education Except Public Education";1581
"Total Establishments With Employees Who Availed ECP Benefits";"Less than one month";"..Human Health and Social Work Activities Except Public Health Activities";522
"Total Establishments With Employees Who Availed ECP Benefits";"Less than one month";"..Arts, Entertainment and  Recreation";101
"Total Establishments With Employees Who Availed ECP Benefits";"Less than one month";"..Repair of Computers and Personal and Household Goods; Other Personal Service Activities";132
"Total Establishments With Employees Who Availed ECP Benefits";"1 to 6 months";"ALL INDUSTRIES";..
"Total Establishments With Employees Who Availed ECP Benefits";"1 to 6 months";"..Agriculture, Forestry and Fishing";..
"Total Establishments With Employees Who Availed ECP Benefits";"1 to 6 months";"..Mining and Quarrying";..
"Total Establishments With Employees Who Availed ECP Benefits";"1 to 6 months";"..Manufacturing";..
"Total Establishments With Employees Who Availed ECP Benefits";"1 to 6 months";"..Electricity, Gas, Steam and Air Conditioning Supply";..
"Total Establishments With Employees Who Availed ECP Benefits";"1 to 6 months";"..Water Supply; Sewerage, Waste Management and Remediation Activities";..
"Total Establishments With Employees Who Availed ECP Benefits";"1 to 6 months";"..Construction";..
"Total Establishments With Employees Who Availed ECP Benefits";"1 to 6 months";"..Wholesale and Retail Trade; Repair of Motor Vehicles and Motorcycles";..
"Total Establishments With Employees Who Availed ECP Benefits";"1 to 6 months";"..Transportation and Storage";..
"Total Establishments With Employees Who Availed ECP Benefits";"1 to 6 months";"..Accommodation and Food Service Activities";..
"Total Establishments With Employees Who Availed ECP Benefits";"1 to 6 months";"..Information and Communication";..
"Total Establishments With Employees Who Availed ECP Benefits";"1 to 6 months";"..Financial and Insurance Activities";..
"Total Establishments With Employees Who Availed ECP Benefits";"1 to 6 months";"..Real Estate Activities";..
"Total Establishments With Employees Who Availed ECP Benefits";"1 to 6 months";"..Professional, Scientific and Technical Activities";..
"Total Establishments With Employees Who Availed ECP Benefits";"1 to 6 months";"..Administrative and Support Service Activities";..
"Total Establishments With Employees Who Availed ECP Benefits";"1 to 6 months";"..Education Except Public Education";..
"Total Establishments With Employees Who Availed ECP Benefits";"1 to 6 months";"..Human Health and Social Work Activities Except Public Health Activities";..
"Total Establishments With Employees Who Availed ECP Benefits";"1 to 6 months";"..Arts, Entertainment and  Recreation";..
"Total Establishments With Employees Who Availed ECP Benefits";"1 to 6 months";"..Repair of Computers and Personal and Household Goods; Other Personal Service Activities";..
"Total Establishments With Employees Who Availed ECP Benefits";"7 to 12 months";"ALL INDUSTRIES";..
"Total Establishments With Employees Who Availed ECP Benefits";"7 to 12 months";"..Agriculture, Forestry and Fishing";..
"Total Establishments With Employees Who Availed ECP Benefits";"7 to 12 months";"..Mining and Quarrying";..
"Total Establishments With Employees Who Availed ECP Benefits";"7 to 12 months";"..Manufacturing";..
"Total Establishments With Employees Who Availed ECP Benefits";"7 to 12 months";"..Electricity, Gas, Steam and Air Conditioning Supply";..
"Total Establishments With Employees Who Availed ECP Benefits";"7 to 12 months";"..Water Supply; Sewerage, Waste Management and Remediation Activities";..
"Total Establishments With Employees Who Availed ECP Benefits";"7 to 12 months";"..Construction";..
"Total Establishments With Employees Who Availed ECP Benefits";"7 to 12 months";"..Wholesale and Retail Trade; Repair of Motor Vehicles and Motorcycles";..
"Total Establishments With Employees Who Availed ECP Benefits";"7 to 12 months";"..Transportation and Storage";..
"Total Establishments With Employees Who Availed ECP Benefits";"7 to 12 months";"..Accommodation and Food Service Activities";..
"Total Establishments With Employees Who Availed ECP Benefits";"7 to 12 months";"..Information and Communication";..
"Total Establishments With Employees Who Availed ECP Benefits";"7 to 12 months";"..Financial and Insurance Activities";..
"Total Establishments With Employees Who Availed ECP Benefits";"7 to 12 months";"..Real Estate Activities";..
"Total Establishments With Employees Who Availed ECP Benefits";"7 to 12 months";"..Professional, Scientific and Technical Activities";..
"Total Establishments With Employees Who Availed ECP Benefits";"7 to 12 months";"..Administrative and Support Service Activities";..
"Total Establishments With Employees Who Availed ECP Benefits";"7 to 12 months";"..Education Except Public Education";..
"Total Establishments With Employees Who Availed ECP Benefits";"7 to 12 months";"..Human Health and Social Work Activities Except Public Health Activities";..
"Total Establishments With Employees Who Availed ECP Benefits";"7 to 12 months";"..Arts, Entertainment and  Recreation";..
"Total Establishments With Employees Who Availed ECP Benefits";"7 to 12 months";"..Repair of Computers and Personal and Household Goods; Other Personal Service Activities";..
"Total Establishments With Employees Who Availed ECP Benefits";"More than 12 months";"ALL INDUSTRIES";..
"Total Establishments With Employees Who Availed ECP Benefits";"More than 12 months";"..Agriculture, Forestry and Fishing";..
"Total Establishments With Employees Who Availed ECP Benefits";"More than 12 months";"..Mining and Quarrying";..
"Total Establishments With Employees Who Availed ECP Benefits";"More than 12 months";"..Manufacturing";..
"Total Establishments With Employees Who Availed ECP Benefits";"More than 12 months";"..Electricity, Gas, Steam and Air Conditioning Supply";..
"Total Establishments With Employees Who Availed ECP Benefits";"More than 12 months";"..Water Supply; Sewerage, Waste Management and Remediation Activities";..
"Total Establishments With Employees Who Availed ECP Benefits";"More than 12 months";"..Construction";..
"Total Establishments With Employees Who Availed ECP Benefits";"More than 12 months";"..Wholesale and Retail Trade; Repair of Motor Vehicles and Motorcycles";..
"Total Establishments With Employees Who Availed ECP Benefits";"More than 12 months";"..Transportation and Storage";..
"Total Establishments With Employees Who Availed ECP Benefits";"More than 12 months";"..Accommodation and Food Service Activities";..
"Total Establishments With Employees Who Availed ECP Benefits";"More than 12 months";"..Information and Communication";..
"Total Establishments With Employees Who Availed ECP Benefits";"More than 12 months";"..Financial and Insurance Activities";..
"Total Establishments With Employees Who Availed ECP Benefits";"More than 12 months";"..Real Estate Activities";..
"Total Establishments With Employees Who Availed ECP Benefits";"More than 12 months";"..Professional, Scientific and Technical Activities";..
"Total Establishments With Employees Who Availed ECP Benefits";"More than 12 months";"..Administrative and Support Service Activities";..
"Total Establishments With Employees Who Availed ECP Benefits";"More than 12 months";"..Education Except Public Education";..
"Total Establishments With Employees Who Availed ECP Benefits";"More than 12 months";"..Human Health and Social Work Activities Except Public Health Activities";..
"Total Establishments With Employees Who Availed ECP Benefits";"More than 12 months";"..Arts, Entertainment and  Recreation";..
"Total Establishments With Employees Who Availed ECP Benefits";"More than 12 months";"..Repair of Computers and Personal and Household Goods; Other Personal Service Activities";..
"Total Establishments With Employees Who Availed ECP Benefits";"Do not know";"ALL INDUSTRIES";..
"Total Establishments With Employees Who Availed ECP Benefits";"Do not know";"..Agriculture, Forestry and Fishing";..
"Total Establishments With Employees Who Availed ECP Benefits";"Do not know";"..Mining and Quarrying";..
"Total Establishments With Employees Who Availed ECP Benefits";"Do not know";"..Manufacturing";..
"Total Establishments With Employees Who Availed ECP Benefits";"Do not know";"..Electricity, Gas, Steam and Air Conditioning Supply";..
"Total Establishments With Employees Who Availed ECP Benefits";"Do not know";"..Water Supply; Sewerage, Waste Management and Remediation Activities";..
"Total Establishments With Employees Who Availed ECP Benefits";"Do not know";"..Construction";..
"Total Establishments With Employees Who Availed ECP Benefits";"Do not know";"..Wholesale and Retail Trade; Repair of Motor Vehicles and Motorcycles";..
"Total Establishments With Employees Who Availed ECP Benefits";"Do not know";"..Transportation and Storage";..
"Total Establishments With Employees Who Availed ECP Benefits";"Do not know";"..Accommodation and Food Service Activities";..
"Total Establishments With Employees Who Availed ECP Benefits";"Do not know";"..Information and Communication";..
"Total Establishments With Employees Who Availed ECP Benefits";"Do not know";"..Financial and Insurance Activities";..
"Total Establishments With Employees Who Availed ECP Benefits";"Do not know";"..Real Estate Activities";..
"Total Establishments With Employees Who Availed ECP Benefits";"Do not know";"..Professional, Scientific and Technical Activities";..
"Total Establishments With Employees Who Availed ECP Benefits";"Do not know";"..Administrative and Support Service Activities";..
"Total Establishments With Employees Who Availed ECP Benefits";"Do not know";"..Education Except Public Education";..
"Total Establishments With Employees Who Availed ECP Benefits";"Do not know";"..Human Health and Social Work Activities Except Public Health Activities";..
"Total Establishments With Employees Who Availed ECP Benefits";"Do not know";"..Arts, Entertainment and  Recreation";..
"Total Establishments With Employees Who Availed ECP Benefits";"Do not know";"..Repair of Computers and Personal and Household Goods; Other Personal Service Activities";..
"Cash Income";"Less than one month";"ALL INDUSTRIES";2677
"Cash Income";"Less than one month";"..Agriculture, Forestry and Fishing";66
"Cash Income";"Less than one month";"..Mining and Quarrying";13
"Cash Income";"Less than one month";"..Manufacturing";616
"Cash Income";"Less than one month";"..Electricity, Gas, Steam and Air Conditioning Supply";39
"Cash Income";"Less than one month";"..Water Supply; Sewerage, Waste Management and Remediation Activities";1
"Cash Income";"Less than one month";"..Construction";84
"Cash Income";"Less than one month";"..Wholesale and Retail Trade; Repair of Motor Vehicles and Motorcycles";684
"Cash Income";"Less than one month";"..Transportation and Storage";104
"Cash Income";"Less than one month";"..Accommodation and Food Service Activities";344
"Cash Income";"Less than one month";"..Information and Communication";58
"Cash Income";"Less than one month";"..Financial and Insurance Activities";90
"Cash Income";"Less than one month";"..Real Estate Activities";59
"Cash Income";"Less than one month";"..Professional, Scientific and Technical Activities";46
"Cash Income";"Less than one month";"..Administrative and Support Service Activities";160
"Cash Income";"Less than one month";"..Education Except Public Education";209
"Cash Income";"Less than one month";"..Human Health and Social Work Activities Except Public Health Activities";70
"Cash Income";"Less than one month";"..Arts, Entertainment and  Recreation";12
"Cash Income";"Less than one month";"..Repair of Computers and Personal and Household Goods; Other Personal Service Activities";24
"Cash Income";"1 to 6 months";"ALL INDUSTRIES";3184
"Cash Income";"1 to 6 months";"..Agriculture, Forestry and Fishing";129
"Cash Income";"1 to 6 months";"..Mining and Quarrying";10
"Cash Income";"1 to 6 months";"..Manufacturing";732
"Cash Income";"1 to 6 months";"..Electricity, Gas, Steam and Air Conditioning Supply";55
"Cash Income";"1 to 6 months";"..Water Supply; Sewerage, Waste Management and Remediation Activities";32
"Cash Income";"1 to 6 months";"..Construction";95
"Cash Income";"1 to 6 months";"..Wholesale and Retail Trade; Repair of Motor Vehicles and Motorcycles";658
"Cash Income";"1 to 6 months";"..Transportation and Storage";93
"Cash Income";"1 to 6 months";"..Accommodation and Food Service Activities";349
"Cash Income";"1 to 6 months";"..Information and Communication";51
"Cash Income";"1 to 6 months";"..Financial and Insurance Activities";145
"Cash Income";"1 to 6 months";"..Real Estate Activities";35
"Cash Income";"1 to 6 months";"..Professional, Scientific and Technical Activities";57
"Cash Income";"1 to 6 months";"..Administrative and Support Service Activities";230
"Cash Income";"1 to 6 months";"..Education Except Public Education";338
"Cash Income";"1 to 6 months";"..Human Health and Social Work Activities Except Public Health Activities";121
"Cash Income";"1 to 6 months";"..Arts, Entertainment and  Recreation";24
"Cash Income";"1 to 6 months";"..Repair of Computers and Personal and Household Goods; Other Personal Service Activities";32
"Cash Income";"7 to 12 months";"ALL INDUSTRIES";335
"Cash Income";"7 to 12 months";"..Agriculture, Forestry and Fishing";14
"Cash Income";"7 to 12 months";"..Mining and Quarrying";1
"Cash Income";"7 to 12 months";"..Manufacturing";61
"Cash Income";"7 to 12 months";"..Electricity, Gas, Steam and Air Conditioning Supply";7
"Cash Income";"7 to 12 months";"..Water Supply; Sewerage, Waste Management and Remediation Activities";4
"Cash Income";"7 to 12 months";"..Construction";7
"Cash Income";"7 to 12 months";"..Wholesale and Retail Trade; Repair of Motor Vehicles and Motorcycles";46
"Cash Income";"7 to 12 months";"..Transportation and Storage";26
"Cash Income";"7 to 12 months";"..Accommodation and Food Service Activities";74
"Cash Income";"7 to 12 months";"..Information and Communication";2
"Cash Income";"7 to 12 months";"..Financial and Insurance Activities";10
"Cash Income";"7 to 12 months";"..Real Estate Activities";9
"Cash Income";"7 to 12 months";"..Professional, Scientific and Technical Activities";10
"Cash Income";"7 to 12 months";"..Administrative and Support Service Activities";15
"Cash Income";"7 to 12 months";"..Education Except Public Education";40
"Cash Income";"7 to 12 months";"..Human Health and Social Work Activities Except Public Health Activities";8
"Cash Income";"7 to 12 months";"..Arts, Entertainment and  Recreation";..
"Cash Income";"7 to 12 months";"..Repair of Computers and Personal and Household Goods; Other Personal Service Activities";..
"Cash Income";"More than 12 months";"ALL INDUSTRIES";48
"Cash Income";"More than 12 months";"..Agriculture, Forestry and Fishing";..
"Cash Income";"More than 12 months";"..Mining and Quarrying";..
"Cash Income";"More than 12 months";"..Manufacturing";12
"Cash Income";"More than 12 months";"..Electricity, Gas, Steam and Air Conditioning Supply";1
"Cash Income";"More than 12 months";"..Water Supply; Sewerage, Waste Management and Remediation Activities";..
"Cash Income";"More than 12 months";"..Construction";..
"Cash Income";"More than 12 months";"..Wholesale and Retail Trade; Repair of Motor Vehicles and Motorcycles";17
"Cash Income";"More than 12 months";"..Transportation and Storage";1
"Cash Income";"More than 12 months";"..Accommodation and Food Service Activities";6
"Cash Income";"More than 12 months";"..Information and Communication";..
"Cash Income";"More than 12 months";"..Financial and Insurance Activities";1
"Cash Income";"More than 12 months";"..Real Estate Activities";2
"Cash Income";"More than 12 months";"..Professional, Scientific and Technical Activities";..
"Cash Income";"More than 12 months";"..Administrative and Support Service Activities";6
"Cash Income";"More than 12 months";"..Education Except Public Education";1
"Cash Income";"More than 12 months";"..Human Health and Social Work Activities Except Public Health Activities";1
"Cash Income";"More than 12 months";"..Arts, Entertainment and  Recreation";..
"Cash Income";"More than 12 months";"..Repair of Computers and Personal and Household Goods; Other Personal Service Activities";..
"Cash Income";"Do not know";"ALL INDUSTRIES";252
"Cash Income";"Do not know";"..Agriculture, Forestry and Fishing";4
"Cash Income";"Do not know";"..Mining and Quarrying";..
"Cash Income";"Do not know";"..Manufacturing";50
"Cash Income";"Do not know";"..Electricity, Gas, Steam and Air Conditioning Supply";3
"Cash Income";"Do not know";"..Water Supply; Sewerage, Waste Management and Remediation Activities";..
"Cash Income";"Do not know";"..Construction";14
"Cash Income";"Do not know";"..Wholesale and Retail Trade; Repair of Motor Vehicles and Motorcycles";75
"Cash Income";"Do not know";"..Transportation and Storage";6
"Cash Income";"Do not know";"..Accommodation and Food Service Activities";34
"Cash Income";"Do not know";"..Information and Communication";1
"Cash Income";"Do not know";"..Financial and Insurance Activities";7
"Cash Income";"Do not know";"..Real Estate Activities";3
"Cash Income";"Do not know";"..Professional, Scientific and Technical Activities";6
"Cash Income";"Do not know";"..Administrative and Support Service Activities";14
"Cash Income";"Do not know";"..Education Except Public Education";15
"Cash Income";"Do not know";"..Human Health and Social Work Activities Except Public Health Activities";19
"Cash Income";"Do not know";"..Arts, Entertainment and  Recreation";..
"Cash Income";"Do not know";"..Repair of Computers and Personal and Household Goods; Other Personal Service Activities";..
"Disability";"Less than one month";"ALL INDUSTRIES";1008
"Disability";"Less than one month";"..Agriculture, Forestry and Fishing";27
"Disability";"Less than one month";"..Mining and Quarrying";4
"Disability";"Less than one month";"..Manufacturing";219
"Disability";"Less than one month";"..Electricity, Gas, Steam and Air Conditioning Supply";19
"Disability";"Less than one month";"..Water Supply; Sewerage, Waste Management and Remediation Activities";1
"Disability";"Less than one month";"..Construction";31
"Disability";"Less than one month";"..Wholesale and Retail Trade; Repair of Motor Vehicles and Motorcycles";282
"Disability";"Less than one month";"..Transportation and Storage";60
"Disability";"Less than one month";"..Accommodation and Food Service Activities";89
"Disability";"Less than one month";"..Information and Communication";4
"Disability";"Less than one month";"..Financial and Insurance Activities";22
"Disability";"Less than one month";"..Real Estate Activities";4
"Disability";"Less than one month";"..Professional, Scientific and Technical Activities";15
"Disability";"Less than one month";"..Administrative and Support Service Activities";112
"Disability";"Less than one month";"..Education Except Public Education";81
"Disability";"Less than one month";"..Human Health and Social Work Activities Except Public Health Activities";30
"Disability";"Less than one month";"..Arts, Entertainment and  Recreation";1
"Disability";"Less than one month";"..Repair of Computers and Personal and Household Goods; Other Personal Service Activities";7
"Disability";"1 to 6 months";"ALL INDUSTRIES";2389
"Disability";"1 to 6 months";"..Agriculture, Forestry and Fishing";132
"Disability";"1 to 6 months";"..Mining and Quarrying";17
"Disability";"1 to 6 months";"..Manufacturing";556
"Disability";"1 to 6 months";"..Electricity, Gas, Steam and Air Conditioning Supply";47
"Disability";"1 to 6 months";"..Water Supply; Sewerage, Waste Management and Remediation Activities";24
"Disability";"1 to 6 months";"..Construction";94
"Disability";"1 to 6 months";"..Wholesale and Retail Trade; Repair of Motor Vehicles and Motorcycles";559
"Disability";"1 to 6 months";"..Transportation and Storage";92
"Disability";"1 to 6 months";"..Accommodation and Food Service Activities";194
"Disability";"1 to 6 months";"..Information and Communication";17
"Disability";"1 to 6 months";"..Financial and Insurance Activities";82
"Disability";"1 to 6 months";"..Real Estate Activities";25
"Disability";"1 to 6 months";"..Professional, Scientific and Technical Activities";34
"Disability";"1 to 6 months";"..Administrative and Support Service Activities";204
"Disability";"1 to 6 months";"..Education Except Public Education";226
"Disability";"1 to 6 months";"..Human Health and Social Work Activities Except Public Health Activities";57
"Disability";"1 to 6 months";"..Arts, Entertainment and  Recreation";15
"Disability";"1 to 6 months";"..Repair of Computers and Personal and Household Goods; Other Personal Service Activities";13
"Disability";"7 to 12 months";"ALL INDUSTRIES";360
"Disability";"7 to 12 months";"..Agriculture, Forestry and Fishing";15
"Disability";"7 to 12 months";"..Mining and Quarrying";1
"Disability";"7 to 12 months";"..Manufacturing";91
"Disability";"7 to 12 months";"..Electricity, Gas, Steam and Air Conditioning Supply";8
"Disability";"7 to 12 months";"..Water Supply; Sewerage, Waste Management and Remediation Activities";1
"Disability";"7 to 12 months";"..Construction";7
"Disability";"7 to 12 months";"..Wholesale and Retail Trade; Repair of Motor Vehicles and Motorcycles";62
"Disability";"7 to 12 months";"..Transportation and Storage";27
"Disability";"7 to 12 months";"..Accommodation and Food Service Activities";28
"Disability";"7 to 12 months";"..Information and Communication";5
"Disability";"7 to 12 months";"..Financial and Insurance Activities";16
"Disability";"7 to 12 months";"..Real Estate Activities";5
"Disability";"7 to 12 months";"..Professional, Scientific and Technical Activities";6
"Disability";"7 to 12 months";"..Administrative and Support Service Activities";14
"Disability";"7 to 12 months";"..Education Except Public Education";57
"Disability";"7 to 12 months";"..Human Health and Social Work Activities Except Public Health Activities";6
"Disability";"7 to 12 months";"..Arts, Entertainment and  Recreation";4
"Disability";"7 to 12 months";"..Repair of Computers and Personal and Household Goods; Other Personal Service Activities";6
"Disability";"More than 12 months";"ALL INDUSTRIES";109
"Disability";"More than 12 months";"..Agriculture, Forestry and Fishing";8
"Disability";"More than 12 months";"..Mining and Quarrying";1
"Disability";"More than 12 months";"..Manufacturing";25
"Disability";"More than 12 months";"..Electricity, Gas, Steam and Air Conditioning Supply";1
"Disability";"More than 12 months";"..Water Supply; Sewerage, Waste Management and Remediation Activities";..
"Disability";"More than 12 months";"..Construction";1
"Disability";"More than 12 months";"..Wholesale and Retail Trade; Repair of Motor Vehicles and Motorcycles";39
"Disability";"More than 12 months";"..Transportation and Storage";5
"Disability";"More than 12 months";"..Accommodation and Food Service Activities";12
"Disability";"More than 12 months";"..Information and Communication";..
"Disability";"More than 12 months";"..Financial and Insurance Activities";..
"Disability";"More than 12 months";"..Real Estate Activities";4
"Disability";"More than 12 months";"..Professional, Scientific and Technical Activities";2
"Disability";"More than 12 months";"..Administrative and Support Service Activities";10
"Disability";"More than 12 months";"..Education Except Public Education";2
"Disability";"More than 12 months";"..Human Health and Social Work Activities Except Public Health Activities";..
"Disability";"More than 12 months";"..Arts, Entertainment and  Recreation";..
"Disability";"More than 12 months";"..Repair of Computers and Personal and Household Goods; Other Personal Service Activities";..
"Disability";"Do not know";"ALL INDUSTRIES";159
"Disability";"Do not know";"..Agriculture, Forestry and Fishing";6
"Disability";"Do not know";"..Mining and Quarrying";..
"Disability";"Do not know";"..Manufacturing";40
"Disability";"Do not know";"..Electricity, Gas, Steam and Air Conditioning Supply";9
"Disability";"Do not know";"..Water Supply; Sewerage, Waste Management and Remediation Activities";3
"Disability";"Do not know";"..Construction";7
"Disability";"Do not know";"..Wholesale and Retail Trade; Repair of Motor Vehicles and Motorcycles";27
"Disability";"Do not know";"..Transportation and Storage";4
"Disability";"Do not know";"..Accommodation and Food Service Activities";6
"Disability";"Do not know";"..Information and Communication";3
"Disability";"Do not know";"..Financial and Insurance Activities";7
"Disability";"Do not know";"..Real Estate Activities";..
"Disability";"Do not know";"..Professional, Scientific and Technical Activities";3
"Disability";"Do not know";"..Administrative and Support Service Activities";22
"Disability";"Do not know";"..Education Except Public Education";13
"Disability";"Do not know";"..Human Health and Social Work Activities Except Public Health Activities";5
"Disability";"Do not know";"..Arts, Entertainment and  Recreation";1
"Disability";"Do not know";"..Repair of Computers and Personal and Household Goods; Other Personal Service Activities";..
"Medical";"Less than one month";"ALL INDUSTRIES";4389
"Medical";"Less than one month";"..Agriculture, Forestry and Fishing";118
"Medical";"Less than one month";"..Mining and Quarrying";22
"Medical";"Less than one month";"..Manufacturing";966
"Medical";"Less than one month";"..Electricity, Gas, Steam and Air Conditioning Supply";47
"Medical";"Less than one month";"..Water Supply; Sewerage, Waste Management and Remediation Activities";12
"Medical";"Less than one month";"..Construction";142
"Medical";"Less than one month";"..Wholesale and Retail Trade; Repair of Motor Vehicles and Motorcycles";1064
"Medical";"Less than one month";"..Transportation and Storage";197
"Medical";"Less than one month";"..Accommodation and Food Service Activities";566
"Medical";"Less than one month";"..Information and Communication";77
"Medical";"Less than one month";"..Financial and Insurance Activities";175
"Medical";"Less than one month";"..Real Estate Activities";64
"Medical";"Less than one month";"..Professional, Scientific and Technical Activities";94
"Medical";"Less than one month";"..Administrative and Support Service Activities";285
"Medical";"Less than one month";"..Education Except Public Education";378
"Medical";"Less than one month";"..Human Health and Social Work Activities Except Public Health Activities";136
"Medical";"Less than one month";"..Arts, Entertainment and  Recreation";25
"Medical";"Less than one month";"..Repair of Computers and Personal and Household Goods; Other Personal Service Activities";22
"Medical";"1 to 6 months";"ALL INDUSTRIES";6697
"Medical";"1 to 6 months";"..Agriculture, Forestry and Fishing";233
"Medical";"1 to 6 months";"..Mining and Quarrying";30
"Medical";"1 to 6 months";"..Manufacturing";1373
"Medical";"1 to 6 months";"..Electricity, Gas, Steam and Air Conditioning Supply";67
"Medical";"1 to 6 months";"..Water Supply; Sewerage, Waste Management and Remediation Activities";51
"Medical";"1 to 6 months";"..Construction";237
"Medical";"1 to 6 months";"..Wholesale and Retail Trade; Repair of Motor Vehicles and Motorcycles";1499
"Medical";"1 to 6 months";"..Transportation and Storage";236
"Medical";"1 to 6 months";"..Accommodation and Food Service Activities";866
"Medical";"1 to 6 months";"..Information and Communication";121
"Medical";"1 to 6 months";"..Financial and Insurance Activities";282
"Medical";"1 to 6 months";"..Real Estate Activities";57
"Medical";"1 to 6 months";"..Professional, Scientific and Technical Activities";134
"Medical";"1 to 6 months";"..Administrative and Support Service Activities";431
"Medical";"1 to 6 months";"..Education Except Public Education";754
"Medical";"1 to 6 months";"..Human Health and Social Work Activities Except Public Health Activities";232
"Medical";"1 to 6 months";"..Arts, Entertainment and  Recreation";38
"Medical";"1 to 6 months";"..Repair of Computers and Personal and Household Goods; Other Personal Service Activities";55
"Medical";"7 to 12 months";"ALL INDUSTRIES";672
"Medical";"7 to 12 months";"..Agriculture, Forestry and Fishing";21
"Medical";"7 to 12 months";"..Mining and Quarrying";1
"Medical";"7 to 12 months";"..Manufacturing";136
"Medical";"7 to 12 months";"..Electricity, Gas, Steam and Air Conditioning Supply";2
"Medical";"7 to 12 months";"..Water Supply; Sewerage, Waste Management and Remediation Activities";3
"Medical";"7 to 12 months";"..Construction";12
"Medical";"7 to 12 months";"..Wholesale and Retail Trade; Repair of Motor Vehicles and Motorcycles";162
"Medical";"7 to 12 months";"..Transportation and Storage";33
"Medical";"7 to 12 months";"..Accommodation and Food Service Activities";79
"Medical";"7 to 12 months";"..Information and Communication";16
"Medical";"7 to 12 months";"..Financial and Insurance Activities";23
"Medical";"7 to 12 months";"..Real Estate Activities";15
"Medical";"7 to 12 months";"..Professional, Scientific and Technical Activities";7
"Medical";"7 to 12 months";"..Administrative and Support Service Activities";39
"Medical";"7 to 12 months";"..Education Except Public Education";101
"Medical";"7 to 12 months";"..Human Health and Social Work Activities Except Public Health Activities";7
"Medical";"7 to 12 months";"..Arts, Entertainment and  Recreation";4
"Medical";"7 to 12 months";"..Repair of Computers and Personal and Household Goods; Other Personal Service Activities";12
"Medical";"More than 12 months";"ALL INDUSTRIES";120
"Medical";"More than 12 months";"..Agriculture, Forestry and Fishing";7
"Medical";"More than 12 months";"..Mining and Quarrying";..
"Medical";"More than 12 months";"..Manufacturing";27
"Medical";"More than 12 months";"..Electricity, Gas, Steam and Air Conditioning Supply";3
"Medical";"More than 12 months";"..Water Supply; Sewerage, Waste Management and Remediation Activities";..
"Medical";"More than 12 months";"..Construction";2
"Medical";"More than 12 months";"..Wholesale and Retail Trade; Repair of Motor Vehicles and Motorcycles";21
"Medical";"More than 12 months";"..Transportation and Storage";2
"Medical";"More than 12 months";"..Accommodation and Food Service Activities";15
"Medical";"More than 12 months";"..Information and Communication";1
"Medical";"More than 12 months";"..Financial and Insurance Activities";4
"Medical";"More than 12 months";"..Real Estate Activities";..
"Medical";"More than 12 months";"..Professional, Scientific and Technical Activities";5
"Medical";"More than 12 months";"..Administrative and Support Service Activities";6
"Medical";"More than 12 months";"..Education Except Public Education";23
"Medical";"More than 12 months";"..Human Health and Social Work Activities Except Public Health Activities";1
"Medical";"More than 12 months";"..Arts, Entertainment and  Recreation";..
"Medical";"More than 12 months";"..Repair of Computers and Personal and Household Goods; Other Personal Service Activities";2
"Medical";"Do not know";"ALL INDUSTRIES";318
"Medical";"Do not know";"..Agriculture, Forestry and Fishing";7
"Medical";"Do not know";"..Mining and Quarrying";..
"Medical";"Do not know";"..Manufacturing";74
"Medical";"Do not know";"..Electricity, Gas, Steam and Air Conditioning Supply";3
"Medical";"Do not know";"..Water Supply; Sewerage, Waste Management and Remediation Activities";4
"Medical";"Do not know";"..Construction";13
"Medical";"Do not know";"..Wholesale and Retail Trade; Repair of Motor Vehicles and Motorcycles";86
"Medical";"Do not know";"..Transportation and Storage";7
"Medical";"Do not know";"..Accommodation and Food Service Activities";28
"Medical";"Do not know";"..Information and Communication";6
"Medical";"Do not know";"..Financial and Insurance Activities";10
"Medical";"Do not know";"..Real Estate Activities";11
"Medical";"Do not know";"..Professional, Scientific and Technical Activities";3
"Medical";"Do not know";"..Administrative and Support Service Activities";22
"Medical";"Do not know";"..Education Except Public Education";19
"Medical";"Do not know";"..Human Health and Social Work Activities Except Public Health Activities";20
"Medical";"Do not know";"..Arts, Entertainment and  Recreation";..
"Medical";"Do not know";"..Repair of Computers and Personal and Household Goods; Other Personal Service Activities";4
"Death/Funeral";"Less than one month";"ALL INDUSTRIES";1188
"Death/Funeral";"Less than one month";"..Agriculture, Forestry and Fishing";57
"Death/Funeral";"Less than one month";"..Mining and Quarrying";8
"Death/Funeral";"Less than one month";"..Manufacturing";291
"Death/Funeral";"Less than one month";"..Electricity, Gas, Steam and Air Conditioning Supply";12
"Death/Funeral";"Less than one month";"..Water Supply; Sewerage, Waste Management and Remediation Activities";7
"Death/Funeral";"Less than one month";"..Construction";45
"Death/Funeral";"Less than one month";"..Wholesale and Retail Trade; Repair of Motor Vehicles and Motorcycles";296
"Death/Funeral";"Less than one month";"..Transportation and Storage";57
"Death/Funeral";"Less than one month";"..Accommodation and Food Service Activities";106
"Death/Funeral";"Less than one month";"..Information and Communication";12
"Death/Funeral";"Less than one month";"..Financial and Insurance Activities";53
"Death/Funeral";"Less than one month";"..Real Estate Activities";14
"Death/Funeral";"Less than one month";"..Professional, Scientific and Technical Activities";10
"Death/Funeral";"Less than one month";"..Administrative and Support Service Activities";105
"Death/Funeral";"Less than one month";"..Education Except Public Education";68
"Death/Funeral";"Less than one month";"..Human Health and Social Work Activities Except Public Health Activities";35
"Death/Funeral";"Less than one month";"..Arts, Entertainment and  Recreation";7
"Death/Funeral";"Less than one month";"..Repair of Computers and Personal and Household Goods; Other Personal Service Activities";6
"Death/Funeral";"1 to 6 months";"ALL INDUSTRIES";2099
"Death/Funeral";"1 to 6 months";"..Agriculture, Forestry and Fishing";146
"Death/Funeral";"1 to 6 months";"..Mining and Quarrying";12
"Death/Funeral";"1 to 6 months";"..Manufacturing";324
"Death/Funeral";"1 to 6 months";"..Electricity, Gas, Steam and Air Conditioning Supply";29
"Death/Funeral";"1 to 6 months";"..Water Supply; Sewerage, Waste Management and Remediation Activities";36
"Death/Funeral";"1 to 6 months";"..Construction";120
"Death/Funeral";"1 to 6 months";"..Wholesale and Retail Trade; Repair of Motor Vehicles and Motorcycles";484
"Death/Funeral";"1 to 6 months";"..Transportation and Storage";86
"Death/Funeral";"1 to 6 months";"..Accommodation and Food Service Activities";227
"Death/Funeral";"1 to 6 months";"..Information and Communication";20
"Death/Funeral";"1 to 6 months";"..Financial and Insurance Activities";87
"Death/Funeral";"1 to 6 months";"..Real Estate Activities";9
"Death/Funeral";"1 to 6 months";"..Professional, Scientific and Technical Activities";45
"Death/Funeral";"1 to 6 months";"..Administrative and Support Service Activities";166
"Death/Funeral";"1 to 6 months";"..Education Except Public Education";232
"Death/Funeral";"1 to 6 months";"..Human Health and Social Work Activities Except Public Health Activities";51
"Death/Funeral";"1 to 6 months";"..Arts, Entertainment and  Recreation";11
"Death/Funeral";"1 to 6 months";"..Repair of Computers and Personal and Household Goods; Other Personal Service Activities";14
"Death/Funeral";"7 to 12 months";"ALL INDUSTRIES";282
"Death/Funeral";"7 to 12 months";"..Agriculture, Forestry and Fishing";11
"Death/Funeral";"7 to 12 months";"..Mining and Quarrying";..
"Death/Funeral";"7 to 12 months";"..Manufacturing";86
"Death/Funeral";"7 to 12 months";"..Electricity, Gas, Steam and Air Conditioning Supply";4
"Death/Funeral";"7 to 12 months";"..Water Supply; Sewerage, Waste Management and Remediation Activities";5
"Death/Funeral";"7 to 12 months";"..Construction";3
"Death/Funeral";"7 to 12 months";"..Wholesale and Retail Trade; Repair of Motor Vehicles and Motorcycles";49
"Death/Funeral";"7 to 12 months";"..Transportation and Storage";21
"Death/Funeral";"7 to 12 months";"..Accommodation and Food Service Activities";39
"Death/Funeral";"7 to 12 months";"..Information and Communication";12
"Death/Funeral";"7 to 12 months";"..Financial and Insurance Activities";1
"Death/Funeral";"7 to 12 months";"..Real Estate Activities";1
"Death/Funeral";"7 to 12 months";"..Professional, Scientific and Technical Activities";..
"Death/Funeral";"7 to 12 months";"..Administrative and Support Service Activities";10
"Death/Funeral";"7 to 12 months";"..Education Except Public Education";29
"Death/Funeral";"7 to 12 months";"..Human Health and Social Work Activities Except Public Health Activities";..
"Death/Funeral";"7 to 12 months";"..Arts, Entertainment and  Recreation";..
"Death/Funeral";"7 to 12 months";"..Repair of Computers and Personal and Household Goods; Other Personal Service Activities";10
"Death/Funeral";"More than 12 months";"ALL INDUSTRIES";77
"Death/Funeral";"More than 12 months";"..Agriculture, Forestry and Fishing";..
"Death/Funeral";"More than 12 months";"..Mining and Quarrying";3
"Death/Funeral";"More than 12 months";"..Manufacturing";11
"Death/Funeral";"More than 12 months";"..Electricity, Gas, Steam and Air Conditioning Supply";1
"Death/Funeral";"More than 12 months";"..Water Supply; Sewerage, Waste Management and Remediation Activities";1
"Death/Funeral";"More than 12 months";"..Construction";4
"Death/Funeral";"More than 12 months";"..Wholesale and Retail Trade; Repair of Motor Vehicles and Motorcycles";19
"Death/Funeral";"More than 12 months";"..Transportation and Storage";7
"Death/Funeral";"More than 12 months";"..Accommodation and Food Service Activities";10
"Death/Funeral";"More than 12 months";"..Information and Communication";..
"Death/Funeral";"More than 12 months";"..Financial and Insurance Activities";1
"Death/Funeral";"More than 12 months";"..Real Estate Activities";..
"Death/Funeral";"More than 12 months";"..Professional, Scientific and Technical Activities";..
"Death/Funeral";"More than 12 months";"..Administrative and Support Service Activities";4
"Death/Funeral";"More than 12 months";"..Education Except Public Education";13
"Death/Funeral";"More than 12 months";"..Human Health and Social Work Activities Except Public Health Activities";..
"Death/Funeral";"More than 12 months";"..Arts, Entertainment and  Recreation";..
"Death/Funeral";"More than 12 months";"..Repair of Computers and Personal and Household Goods; Other Personal Service Activities";2
"Death/Funeral";"Do not know";"ALL INDUSTRIES";270
"Death/Funeral";"Do not know";"..Agriculture, Forestry and Fishing";12
"Death/Funeral";"Do not know";"..Mining and Quarrying";..
"Death/Funeral";"Do not know";"..Manufacturing";53
"Death/Funeral";"Do not know";"..Electricity, Gas, Steam and Air Conditioning Supply";12
"Death/Funeral";"Do not know";"..Water Supply; Sewerage, Waste Management and Remediation Activities";3
"Death/Funeral";"Do not know";"..Construction";13
"Death/Funeral";"Do not know";"..Wholesale and Retail Trade; Repair of Motor Vehicles and Motorcycles";54
"Death/Funeral";"Do not know";"..Transportation and Storage";9
"Death/Funeral";"Do not know";"..Accommodation and Food Service Activities";28
"Death/Funeral";"Do not know";"..Information and Communication";1
"Death/Funeral";"Do not know";"..Financial and Insurance Activities";7
"Death/Funeral";"Do not know";"..Real Estate Activities";5
"Death/Funeral";"Do not know";"..Professional, Scientific and Technical Activities";3
"Death/Funeral";"Do not know";"..Administrative and Support Service Activities";21
"Death/Funeral";"Do not know";"..Education Except Public Education";37
"Death/Funeral";"Do not know";"..Human Health and Social Work Activities Except Public Health Activities";8
"Death/Funeral";"Do not know";"..Arts, Entertainment and  Recreation";1
"Death/Funeral";"Do not know";"..Repair of Computers and Personal and Household Goods; Other Personal Service Activities";2
"Carer's Allowance";"Less than one month";"ALL INDUSTRIES";185
"Carer's Allowance";"Less than one month";"..Agriculture, Forestry and Fishing";10
"Carer's Allowance";"Less than one month";"..Mining and Quarrying";..
"Carer's Allowance";"Less than one month";"..Manufacturing";41
"Carer's Allowance";"Less than one month";"..Electricity, Gas, Steam and Air Conditioning Supply";3
"Carer's Allowance";"Less than one month";"..Water Supply; Sewerage, Waste Management and Remediation Activities";..
"Carer's Allowance";"Less than one month";"..Construction";3
"Carer's Allowance";"Less than one month";"..Wholesale and Retail Trade; Repair of Motor Vehicles and Motorcycles";48
"Carer's Allowance";"Less than one month";"..Transportation and Storage";9
"Carer's Allowance";"Less than one month";"..Accommodation and Food Service Activities";16
"Carer's Allowance";"Less than one month";"..Information and Communication";..
"Carer's Allowance";"Less than one month";"..Financial and Insurance Activities";3
"Carer's Allowance";"Less than one month";"..Real Estate Activities";4
"Carer's Allowance";"Less than one month";"..Professional, Scientific and Technical Activities";..
"Carer's Allowance";"Less than one month";"..Administrative and Support Service Activities";8
"Carer's Allowance";"Less than one month";"..Education Except Public Education";22
"Carer's Allowance";"Less than one month";"..Human Health and Social Work Activities Except Public Health Activities";6
"Carer's Allowance";"Less than one month";"..Arts, Entertainment and  Recreation";4
"Carer's Allowance";"Less than one month";"..Repair of Computers and Personal and Household Goods; Other Personal Service Activities";6
"Carer's Allowance";"1 to 6 months";"ALL INDUSTRIES";144
"Carer's Allowance";"1 to 6 months";"..Agriculture, Forestry and Fishing";1
"Carer's Allowance";"1 to 6 months";"..Mining and Quarrying";2
"Carer's Allowance";"1 to 6 months";"..Manufacturing";22
"Carer's Allowance";"1 to 6 months";"..Electricity, Gas, Steam and Air Conditioning Supply";..
"Carer's Allowance";"1 to 6 months";"..Water Supply; Sewerage, Waste Management and Remediation Activities";5
"Carer's Allowance";"1 to 6 months";"..Construction";5
"Carer's Allowance";"1 to 6 months";"..Wholesale and Retail Trade; Repair of Motor Vehicles and Motorcycles";16
"Carer's Allowance";"1 to 6 months";"..Transportation and Storage";13
"Carer's Allowance";"1 to 6 months";"..Accommodation and Food Service Activities";26
"Carer's Allowance";"1 to 6 months";"..Information and Communication";3
"Carer's Allowance";"1 to 6 months";"..Financial and Insurance Activities";5
"Carer's Allowance";"1 to 6 months";"..Real Estate Activities";..
"Carer's Allowance";"1 to 6 months";"..Professional, Scientific and Technical Activities";4
"Carer's Allowance";"1 to 6 months";"..Administrative and Support Service Activities";6
"Carer's Allowance";"1 to 6 months";"..Education Except Public Education";29
"Carer's Allowance";"1 to 6 months";"..Human Health and Social Work Activities Except Public Health Activities";5
"Carer's Allowance";"1 to 6 months";"..Arts, Entertainment and  Recreation";4
"Carer's Allowance";"1 to 6 months";"..Repair of Computers and Personal and Household Goods; Other Personal Service Activities";..
"Carer's Allowance";"7 to 12 months";"ALL INDUSTRIES";17
"Carer's Allowance";"7 to 12 months";"..Agriculture, Forestry and Fishing";..
"Carer's Allowance";"7 to 12 months";"..Mining and Quarrying";..
"Carer's Allowance";"7 to 12 months";"..Manufacturing";5
"Carer's Allowance";"7 to 12 months";"..Electricity, Gas, Steam and Air Conditioning Supply";..
"Carer's Allowance";"7 to 12 months";"..Water Supply; Sewerage, Waste Management and Remediation Activities";1
"Carer's Allowance";"7 to 12 months";"..Construction";1
"Carer's Allowance";"7 to 12 months";"..Wholesale and Retail Trade; Repair of Motor Vehicles and Motorcycles";..
"Carer's Allowance";"7 to 12 months";"..Transportation and Storage";7
"Carer's Allowance";"7 to 12 months";"..Accommodation and Food Service Activities";..
"Carer's Allowance";"7 to 12 months";"..Information and Communication";..
"Carer's Allowance";"7 to 12 months";"..Financial and Insurance Activities";..
"Carer's Allowance";"7 to 12 months";"..Real Estate Activities";..
"Carer's Allowance";"7 to 12 months";"..Professional, Scientific and Technical Activities";..
"Carer's Allowance";"7 to 12 months";"..Administrative and Support Service Activities";..
"Carer's Allowance";"7 to 12 months";"..Education Except Public Education";..
"Carer's Allowance";"7 to 12 months";"..Human Health and Social Work Activities Except Public Health Activities";3
"Carer's Allowance";"7 to 12 months";"..Arts, Entertainment and  Recreation";..
"Carer's Allowance";"7 to 12 months";"..Repair of Computers and Personal and Household Goods; Other Personal Service Activities";..
"Carer's Allowance";"More than 12 months";"ALL INDUSTRIES";6
"Carer's Allowance";"More than 12 months";"..Agriculture, Forestry and Fishing";..
"Carer's Allowance";"More than 12 months";"..Mining and Quarrying";..
"Carer's Allowance";"More than 12 months";"..Manufacturing";1
"Carer's Allowance";"More than 12 months";"..Electricity, Gas, Steam and Air Conditioning Supply";..
"Carer's Allowance";"More than 12 months";"..Water Supply; Sewerage, Waste Management and Remediation Activities";..
"Carer's Allowance";"More than 12 months";"..Construction";..
"Carer's Allowance";"More than 12 months";"..Wholesale and Retail Trade; Repair of Motor Vehicles and Motorcycles";..
"Carer's Allowance";"More than 12 months";"..Transportation and Storage";2
"Carer's Allowance";"More than 12 months";"..Accommodation and Food Service Activities";..
"Carer's Allowance";"More than 12 months";"..Information and Communication";..
"Carer's Allowance";"More than 12 months";"..Financial and Insurance Activities";..
"Carer's Allowance";"More than 12 months";"..Real Estate Activities";..
"Carer's Allowance";"More than 12 months";"..Professional, Scientific and Technical Activities";..
"Carer's Allowance";"More than 12 months";"..Administrative and Support Service Activities";4
"Carer's Allowance";"More than 12 months";"..Education Except Public Education";..
"Carer's Allowance";"More than 12 months";"..Human Health and Social Work Activities Except Public Health Activities";..
"Carer's Allowance";"More than 12 months";"..Arts, Entertainment and  Recreation";..
"Carer's Allowance";"More than 12 months";"..Repair of Computers and Personal and Household Goods; Other Personal Service Activities";..
"Carer's Allowance";"Do not know";"ALL INDUSTRIES";71
"Carer's Allowance";"Do not know";"..Agriculture, Forestry and Fishing";5
"Carer's Allowance";"Do not know";"..Mining and Quarrying";..
"Carer's Allowance";"Do not know";"..Manufacturing";10
"Carer's Allowance";"Do not know";"..Electricity, Gas, Steam and Air Conditioning Supply";..
"Carer's Allowance";"Do not know";"..Water Supply; Sewerage, Waste Management and Remediation Activities";..
"Carer's Allowance";"Do not know";"..Construction";..
"Carer's Allowance";"Do not know";"..Wholesale and Retail Trade; Repair of Motor Vehicles and Motorcycles";19
"Carer's Allowance";"Do not know";"..Transportation and Storage";3
"Carer's Allowance";"Do not know";"..Accommodation and Food Service Activities";1
"Carer's Allowance";"Do not know";"..Information and Communication";1
"Carer's Allowance";"Do not know";"..Financial and Insurance Activities";6
"Carer's Allowance";"Do not know";"..Real Estate Activities";..
"Carer's Allowance";"Do not know";"..Professional, Scientific and Technical Activities";3
"Carer's Allowance";"Do not know";"..Administrative and Support Service Activities";6
"Carer's Allowance";"Do not know";"..Education Except Public Education";13
"Carer's Allowance";"Do not know";"..Human Health and Social Work Activities Except Public Health Activities";..
"Carer's Allowance";"Do not know";"..Arts, Entertainment and  Recreation";1
"Carer's Allowance";"Do not know";"..Repair of Computers and Personal and Household Goods; Other Personal Service Activities";..
"Survivorship Pension";"Less than one month";"ALL INDUSTRIES";125
"Survivorship Pension";"Less than one month";"..Agriculture, Forestry and Fishing";16
"Survivorship Pension";"Less than one month";"..Mining and Quarrying";..
"Survivorship Pension";"Less than one month";"..Manufacturing";27
"Survivorship Pension";"Less than one month";"..Electricity, Gas, Steam and Air Conditioning Supply";4
"Survivorship Pension";"Less than one month";"..Water Supply; Sewerage, Waste Management and Remediation Activities";..
"Survivorship Pension";"Less than one month";"..Construction";8
"Survivorship Pension";"Less than one month";"..Wholesale and Retail Trade; Repair of Motor Vehicles and Motorcycles";28
"Survivorship Pension";"Less than one month";"..Transportation and Storage";8
"Survivorship Pension";"Less than one month";"..Accommodation and Food Service Activities";14
"Survivorship Pension";"Less than one month";"..Information and Communication";2
"Survivorship Pension";"Less than one month";"..Financial and Insurance Activities";3
"Survivorship Pension";"Less than one month";"..Real Estate Activities";..
"Survivorship Pension";"Less than one month";"..Professional, Scientific and Technical Activities";2
"Survivorship Pension";"Less than one month";"..Administrative and Support Service Activities";10
"Survivorship Pension";"Less than one month";"..Education Except Public Education";1
"Survivorship Pension";"Less than one month";"..Human Health and Social Work Activities Except Public Health Activities";..
"Survivorship Pension";"Less than one month";"..Arts, Entertainment and  Recreation";..
"Survivorship Pension";"Less than one month";"..Repair of Computers and Personal and Household Goods; Other Personal Service Activities";2
"Survivorship Pension";"1 to 6 months";"ALL INDUSTRIES";228
"Survivorship Pension";"1 to 6 months";"..Agriculture, Forestry and Fishing";19
"Survivorship Pension";"1 to 6 months";"..Mining and Quarrying";4
"Survivorship Pension";"1 to 6 months";"..Manufacturing";45
"Survivorship Pension";"1 to 6 months";"..Electricity, Gas, Steam and Air Conditioning Supply";4
"Survivorship Pension";"1 to 6 months";"..Water Supply; Sewerage, Waste Management and Remediation Activities";17
"Survivorship Pension";"1 to 6 months";"..Construction";13
"Survivorship Pension";"1 to 6 months";"..Wholesale and Retail Trade; Repair of Motor Vehicles and Motorcycles";27
"Survivorship Pension";"1 to 6 months";"..Transportation and Storage";6
"Survivorship Pension";"1 to 6 months";"..Accommodation and Food Service Activities";9
"Survivorship Pension";"1 to 6 months";"..Information and Communication";2
"Survivorship Pension";"1 to 6 months";"..Financial and Insurance Activities";6
"Survivorship Pension";"1 to 6 months";"..Real Estate Activities";6
"Survivorship Pension";"1 to 6 months";"..Professional, Scientific and Technical Activities";10
"Survivorship Pension";"1 to 6 months";"..Administrative and Support Service Activities";17
"Survivorship Pension";"1 to 6 months";"..Education Except Public Education";34
"Survivorship Pension";"1 to 6 months";"..Human Health and Social Work Activities Except Public Health Activities";3
"Survivorship Pension";"1 to 6 months";"..Arts, Entertainment and  Recreation";4
"Survivorship Pension";"1 to 6 months";"..Repair of Computers and Personal and Household Goods; Other Personal Service Activities";2
"Survivorship Pension";"7 to 12 months";"ALL INDUSTRIES";50
"Survivorship Pension";"7 to 12 months";"..Agriculture, Forestry and Fishing";7
"Survivorship Pension";"7 to 12 months";"..Mining and Quarrying";..
"Survivorship Pension";"7 to 12 months";"..Manufacturing";10
"Survivorship Pension";"7 to 12 months";"..Electricity, Gas, Steam and Air Conditioning Supply";..
"Survivorship Pension";"7 to 12 months";"..Water Supply; Sewerage, Waste Management and Remediation Activities";1
"Survivorship Pension";"7 to 12 months";"..Construction";1
"Survivorship Pension";"7 to 12 months";"..Wholesale and Retail Trade; Repair of Motor Vehicles and Motorcycles";..
"Survivorship Pension";"7 to 12 months";"..Transportation and Storage";6
"Survivorship Pension";"7 to 12 months";"..Accommodation and Food Service Activities";8
"Survivorship Pension";"7 to 12 months";"..Information and Communication";3
"Survivorship Pension";"7 to 12 months";"..Financial and Insurance Activities";10
"Survivorship Pension";"7 to 12 months";"..Real Estate Activities";..
"Survivorship Pension";"7 to 12 months";"..Professional, Scientific and Technical Activities";..
"Survivorship Pension";"7 to 12 months";"..Administrative and Support Service Activities";..
"Survivorship Pension";"7 to 12 months";"..Education Except Public Education";6
"Survivorship Pension";"7 to 12 months";"..Human Health and Social Work Activities Except Public Health Activities";..
"Survivorship Pension";"7 to 12 months";"..Arts, Entertainment and  Recreation";..
"Survivorship Pension";"7 to 12 months";"..Repair of Computers and Personal and Household Goods; Other Personal Service Activities";..
"Survivorship Pension";"More than 12 months";"ALL INDUSTRIES";35
"Survivorship Pension";"More than 12 months";"..Agriculture, Forestry and Fishing";..
"Survivorship Pension";"More than 12 months";"..Mining and Quarrying";..
"Survivorship Pension";"More than 12 months";"..Manufacturing";1
"Survivorship Pension";"More than 12 months";"..Electricity, Gas, Steam and Air Conditioning Supply";1
"Survivorship Pension";"More than 12 months";"..Water Supply; Sewerage, Waste Management and Remediation Activities";..
"Survivorship Pension";"More than 12 months";"..Construction";..
"Survivorship Pension";"More than 12 months";"..Wholesale and Retail Trade; Repair of Motor Vehicles and Motorcycles";9
"Survivorship Pension";"More than 12 months";"..Transportation and Storage";6
"Survivorship Pension";"More than 12 months";"..Accommodation and Food Service Activities";1
"Survivorship Pension";"More than 12 months";"..Information and Communication";..
"Survivorship Pension";"More than 12 months";"..Financial and Insurance Activities";..
"Survivorship Pension";"More than 12 months";"..Real Estate Activities";..
"Survivorship Pension";"More than 12 months";"..Professional, Scientific and Technical Activities";..
"Survivorship Pension";"More than 12 months";"..Administrative and Support Service Activities";4
"Survivorship Pension";"More than 12 months";"..Education Except Public Education";8
"Survivorship Pension";"More than 12 months";"..Human Health and Social Work Activities Except Public Health Activities";3
"Survivorship Pension";"More than 12 months";"..Arts, Entertainment and  Recreation";2
"Survivorship Pension";"More than 12 months";"..Repair of Computers and Personal and Household Goods; Other Personal Service Activities";..
"Survivorship Pension";"Do not know";"ALL INDUSTRIES";62
"Survivorship Pension";"Do not know";"..Agriculture, Forestry and Fishing";..
"Survivorship Pension";"Do not know";"..Mining and Quarrying";..
"Survivorship Pension";"Do not know";"..Manufacturing";11
"Survivorship Pension";"Do not know";"..Electricity, Gas, Steam and Air Conditioning Supply";4
"Survivorship Pension";"Do not know";"..Water Supply; Sewerage, Waste Management and Remediation Activities";3
"Survivorship Pension";"Do not know";"..Construction";..
"Survivorship Pension";"Do not know";"..Wholesale and Retail Trade; Repair of Motor Vehicles and Motorcycles";7
"Survivorship Pension";"Do not know";"..Transportation and Storage";4
"Survivorship Pension";"Do not know";"..Accommodation and Food Service Activities";..
"Survivorship Pension";"Do not know";"..Information and Communication";1
"Survivorship Pension";"Do not know";"..Financial and Insurance Activities";7
"Survivorship Pension";"Do not know";"..Real Estate Activities";..
"Survivorship Pension";"Do not know";"..Professional, Scientific and Technical Activities";3
"Survivorship Pension";"Do not know";"..Administrative and Support Service Activities";8
"Survivorship Pension";"Do not know";"..Education Except Public Education";9
"Survivorship Pension";"Do not know";"..Human Health and Social Work Activities Except Public Health Activities";2
"Survivorship Pension";"Do not know";"..Arts, Entertainment and  Recreation";1
"Survivorship Pension";"Do not know";"..Repair of Computers and Personal and Household Goods; Other Personal Service Activities";..
"Others";"Less than one month";"ALL INDUSTRIES";41
"Others";"Less than one month";"..Agriculture, Forestry and Fishing";1
"Others";"Less than one month";"..Mining and Quarrying";1
"Others";"Less than one month";"..Manufacturing";12
"Others";"Less than one month";"..Electricity, Gas, Steam and Air Conditioning Supply";..
"Others";"Less than one month";"..Water Supply; Sewerage, Waste Management and Remediation Activities";..
"Others";"Less than one month";"..Construction";2
"Others";"Less than one month";"..Wholesale and Retail Trade; Repair of Motor Vehicles and Motorcycles";10
"Others";"Less than one month";"..Transportation and Storage";..
"Others";"Less than one month";"..Accommodation and Food Service Activities";..
"Others";"Less than one month";"..Information and Communication";1
"Others";"Less than one month";"..Financial and Insurance Activities";..
"Others";"Less than one month";"..Real Estate Activities";..
"Others";"Less than one month";"..Professional, Scientific and Technical Activities";2
"Others";"Less than one month";"..Administrative and Support Service Activities";6
"Others";"Less than one month";"..Education Except Public Education";1
"Others";"Less than one month";"..Human Health and Social Work Activities Except Public Health Activities";5
"Others";"Less than one month";"..Arts, Entertainment and  Recreation";..
"Others";"Less than one month";"..Repair of Computers and Personal and Household Goods; Other Personal Service Activities";..
"Others";"1 to 6 months";"ALL INDUSTRIES";77
"Others";"1 to 6 months";"..Agriculture, Forestry and Fishing";..
"Others";"1 to 6 months";"..Mining and Quarrying";..
"Others";"1 to 6 months";"..Manufacturing";21
"Others";"1 to 6 months";"..Electricity, Gas, Steam and Air Conditioning Supply";..
"Others";"1 to 6 months";"..Water Supply; Sewerage, Waste Management and Remediation Activities";..
"Others";"1 to 6 months";"..Construction";2
"Others";"1 to 6 months";"..Wholesale and Retail Trade; Repair of Motor Vehicles and Motorcycles";32
"Others";"1 to 6 months";"..Transportation and Storage";3
"Others";"1 to 6 months";"..Accommodation and Food Service Activities";5
"Others";"1 to 6 months";"..Information and Communication";1
"Others";"1 to 6 months";"..Financial and Insurance Activities";..
"Others";"1 to 6 months";"..Real Estate Activities";..
"Others";"1 to 6 months";"..Professional, Scientific and Technical Activities";1
"Others";"1 to 6 months";"..Administrative and Support Service Activities";4
"Others";"1 to 6 months";"..Education Except Public Education";3
"Others";"1 to 6 months";"..Human Health and Social Work Activities Except Public Health Activities";4
"Others";"1 to 6 months";"..Arts, Entertainment and  Recreation";..
"Others";"1 to 6 months";"..Repair of Computers and Personal and Household Goods; Other Personal Service Activities";..
"Others";"7 to 12 months";"ALL INDUSTRIES";5
"Others";"7 to 12 months";"..Agriculture, Forestry and Fishing";..
"Others";"7 to 12 months";"..Mining and Quarrying";..
"Others";"7 to 12 months";"..Manufacturing";..
"Others";"7 to 12 months";"..Electricity, Gas, Steam and Air Conditioning Supply";..
"Others";"7 to 12 months";"..Water Supply; Sewerage, Waste Management and Remediation Activities";..
"Others";"7 to 12 months";"..Construction";..
"Others";"7 to 12 months";"..Wholesale and Retail Trade; Repair of Motor Vehicles and Motorcycles";1
"Others";"7 to 12 months";"..Transportation and Storage";..
"Others";"7 to 12 months";"..Accommodation and Food Service Activities";..
"Others";"7 to 12 months";"..Information and Communication";..
"Others";"7 to 12 months";"..Financial and Insurance Activities";..
"Others";"7 to 12 months";"..Real Estate Activities";..
"Others";"7 to 12 months";"..Professional, Scientific and Technical Activities";2
"Others";"7 to 12 months";"..Administrative and Support Service Activities";..
"Others";"7 to 12 months";"..Education Except Public Education";1
"Others";"7 to 12 months";"..Human Health and Social Work Activities Except Public Health Activities";..
"Others";"7 to 12 months";"..Arts, Entertainment and  Recreation";..
"Others";"7 to 12 months";"..Repair of Computers and Personal and Household Goods; Other Personal Service Activities";..
"Others";"More than 12 months";"ALL INDUSTRIES";6
"Others";"More than 12 months";"..Agriculture, Forestry and Fishing";..
"Others";"More than 12 months";"..Mining and Quarrying";..
"Others";"More than 12 months";"..Manufacturing";..
"Others";"More than 12 months";"..Electricity, Gas, Steam and Air Conditioning Supply";..
"Others";"More than 12 months";"..Water Supply; Sewerage, Waste Management and Remediation Activities";..
"Others";"More than 12 months";"..Construction";..
"Others";"More than 12 months";"..Wholesale and Retail Trade; Repair of Motor Vehicles and Motorcycles";..
"Others";"More than 12 months";"..Transportation and Storage";..
"Others";"More than 12 months";"..Accommodation and Food Service Activities";..
"Others";"More than 12 months";"..Information and Communication";..
"Others";"More than 12 months";"..Financial and Insurance Activities";..
"Others";"More than 12 months";"..Real Estate Activities";..
"Others";"More than 12 months";"..Professional, Scientific and Technical Activities";..
"Others";"More than 12 months";"..Administrative and Support Service Activities";..
"Others";"More than 12 months";"..Education Except Public Education";6
"Others";"More than 12 months";"..Human Health and Social Work Activities Except Public Health Activities";..
"Others";"More than 12 months";"..Arts, Entertainment and  Recreation";..
"Others";"More than 12 months";"..Repair of Computers and Personal and Household Goods; Other Personal Service Activities";..
"Others";"Do not know";"ALL INDUSTRIES";4
"Others";"Do not know";"..Agriculture, Forestry and Fishing";..
"Others";"Do not know";"..Mining and Quarrying";..
"Others";"Do not know";"..Manufacturing";2
"Others";"Do not know";"..Electricity, Gas, Steam and Air Conditioning Supply";..
"Others";"Do not know";"..Water Supply; Sewerage, Waste Management and Remediation Activities";1
"Others";"Do not know";"..Construction";..
"Others";"Do not know";"..Wholesale and Retail Trade; Repair of Motor Vehicles and Motorcycles";..
"Others";"Do not know";"..Transportation and Storage";..
"Others";"Do not know";"..Accommodation and Food Service Activities";..
"Others";"Do not know";"..Information and Communication";..
"Others";"Do not know";"..Financial and Insurance Activities";1
"Others";"Do not know";"..Real Estate Activities";..
"Others";"Do not know";"..Professional, Scientific and Technical Activities";..
"Others";"Do not know";"..Administrative and Support Service Activities";..
"Others";"Do not know";"..Education Except Public Education";..
"Others";"Do not know";"..Human Health and Social Work Activities Except Public Health Activities";..
"Others";"Do not know";"..Arts, Entertainment and  Recreation";..
"Others";"Do not know";"..Repair of Computers and Personal and Household Goods; Other Personal Service Activities";..
